institution,slug,country,continent,repository_code,archive_type,ciclic_detail_url,content_available_in_source,website_available,partner_site,platform,video_link,video_title,video_subject,video_description,video_published_at,video_title_display,video_date_display,video_theme,access_surface
CICLIC - Centre-Val-de-Loire,ciclic-centre-val-de-loire,France,Europe,FR-CICLIC,Institutional film and audiovisual archive,https://memoire.ciclic.fr/,True,True,https://memoire.ciclic.fr/films-d-archives,Ciclic Mémoire,https://medias.ciclic.fr/dash/27239/master.m3u8,Saint-Vincent à Verdigny,Christian Bourassin; Verdigny (18),"Registro público do catálogo Ciclic Mémoire. | realização: Christian Bourassin | local: Verdigny (18) | embed: https://memoire.ciclic.fr/embed/27239?title=0 | fonte de vídeo: application/x-mpegURL | [film accompagné de sons en prise directe] Sur une image de Sancerre et de son vignoble : “Saint Vincent A Verdigny”. À Verdigny, des personnes discutant réunies route des Villaudes (avec vue de Sancerre au loin), puis, menée par quatre musiciens traditionnels, arrivée d’une procession avec bannière et statue de Saint-Vincent par la rue Saint-Vincent. Au carrefour des deux rues, un homme organise l’installation puis un ecclésiastique prend la parole (avec vues des personnes présentes et de la statue de Saint-Vincent). Menée par les deux vielleux et les deux sonneurs, la procession défile rue Saint-Vincent et rue Saint-Pierre-aux-Liens puis entre dans l’église Saint-Pierre-aux-Liens. Un organiste joue dans l’édifice pendant que des personnes y entrent et s’y installent. Célébration d’une messe (avec notamment vues de vitraux de l’édifice et arrivée de vin et de pain portés par des membres de confrérie Saint-Vincent de Verdigny). L’église Saint-Pierre-aux-Liens puis des personnes et les porteurs de la procession (posant) sortant à l’issue de la messe. Les musiciens et le public devant l’édifice (dont un homme interviewé pour la télévision). Route de la Perrière, entrée du local de l....",2007,Saint-Vincent à Verdigny,2007-01-01,Arquivo audiovisual regional,Arquivo audiovisual institucional
CICLIC - Centre-Val-de-Loire,ciclic-centre-val-de-loire,France,Europe,FR-CICLIC,Institutional film and audiovisual archive,https://memoire.ciclic.fr/,True,True,https://memoire.ciclic.fr/films-d-archives,Ciclic Mémoire,https://medias.ciclic.fr/dash/27294/master.m3u8,Insect,Maurice Huvelin; Orléans (45),"Registro público do catálogo Ciclic Mémoire. | realização: Maurice Huvelin | local: Orléans (45) | embed: https://memoire.ciclic.fr/embed/27294?title=0 | fonte de vídeo: application/x-mpegURL | [film accompagné de bruitages] Décompte puis titre “Insect” avec effets par grattage sur pellicule. Sur des sons d’insectes se transformant, séquence d’effets par grattage sur pellicule (hommage à Norman Mac Laren et Len Lye). PAr grattage : “Fin”, “The End”, “Huvelin”, “Insect” puis “Stop”. Film HD Sonore Couleur Film super 8 03m 13s Orléans (45) diaz 27294",1995,Insect,1995-01-01,Filme amador e memória local,Arquivo audiovisual institucional
CICLIC - Centre-Val-de-Loire,ciclic-centre-val-de-loire,France,Europe,FR-CICLIC,Institutional film and audiovisual archive,https://memoire.ciclic.fr/,True,True,https://memoire.ciclic.fr/films-d-archives,Ciclic Mémoire,https://medias.ciclic.fr/dash/27227_1/master.m3u8,Kermesse à Escrennes,Comité des fêtes d'Escrennes; Escrennes (45),"Registro público do catálogo Ciclic Mémoire. | realização: Comité des fêtes d'Escrennes | local: Escrennes (45) | embed: https://memoire.ciclic.fr/embed/27227_1?title=0 | fonte de vídeo: application/x-mpegURL | [film accompagné de sons en prise directe] Au milieu de la rue Louis Bossenard, devant la mairie d’Escrennes, des enfants alignés présentent des dessins puis partent en défilé mené par deux hommes tenant des poneys et suivi par la fanfare municipale et des habitants. Le défilé sort de la rue des Percherons et s’engage dans la rue Saint-Benoît d’où il sort ensuite pour revenir rue Louis Bossenard et aller sur un terrain au bord de l’Oeuf (où se trouvent des stands de kermesse). [son en partie abîmé] Sur le terrain, un public assis devant une scène où arrive un animateur avec un microphone. Des jurés attablés devant le public. Sur la scène, séquence sur un concours avec des enfants présentant un à un leur dessin (avec vues de spectateurs et des jurés). Concert de la fanfare sur la scène. [muet] Un homme promène une petite fille sur un poney. [son abîmé] Des personnes passent en barque sur l’Oeuf. Séquence sur les stands et les badauds sur le site de la kermesse (avec vues de la fanfare ou d’une file d’attente pour la promenade en barque sur l’Oeuf). Film HD Sonore Couleur Film super 8 15m 05s Enfant Escrennes (45) Fanfare Kermesse diaz 27227 - Séquence n°1",1988,Kermesse à Escrennes,1988-01-01,Filme amador e memória local,Arquivo audiovisual institucional
CICLIC - Centre-Val-de-Loire,ciclic-centre-val-de-loire,France,Europe,FR-CICLIC,Institutional film and audiovisual archive,https://memoire.ciclic.fr/,True,True,https://memoire.ciclic.fr/films-d-archives,Ciclic Mémoire,https://medias.ciclic.fr/dash/27221/master.m3u8,Jeux intervillages à Escrennes,Comité des fêtes d'Escrennes; Escrennes (45),"Registro público do catálogo Ciclic Mémoire. | realização: Comité des fêtes d'Escrennes | local: Escrennes (45) | embed: https://memoire.ciclic.fr/embed/27221?title=0 | fonte de vídeo: application/x-mpegURL | [film accompagné de sons en prise directe] Sur un terrain entre l’Oeuf et la rue des Murs à Escrennes, différentes épreuves lors de jeux intervillages confrontant des enfants et des adultes d’Escrennes et de Bouzonville-aux-Bois, commentées par un homme près d’une sono sur un camion et entrecoupées d’un morceau jouée par une fanfare. Film HD Sonore Couleur Film super 8 16m 42s Escrennes (45) Intervillages diaz 27221",1985,Jeux intervillages à Escrennes,1985-01-01,Filme amador e memória local,Arquivo audiovisual institucional
CICLIC - Centre-Val-de-Loire,ciclic-centre-val-de-loire,France,Europe,FR-CICLIC,Institutional film and audiovisual archive,https://memoire.ciclic.fr/,True,True,https://memoire.ciclic.fr/films-d-archives,Ciclic Mémoire,https://medias.ciclic.fr/dash/27212/master.m3u8,Fête patronale à Escrennes,Comité des fêtes d'Escrennes; Escrennes (45),"Registro público do catálogo Ciclic Mémoire. | realização: Comité des fêtes d'Escrennes | local: Escrennes (45) | embed: https://memoire.ciclic.fr/embed/27212?title=0 | fonte de vídeo: application/x-mpegURL | Pancarte au bas d’une décoration florale : “Fête patronale 1984”. À Escrennes, une course cycliste féminine se met en place au milieu de la rue Louis Boussenard, puis départ de la course et spectateurs le long de barrières de sécurité. La course dans les rues du bourg avec vues de spectateurs et de commissaires de course (rue Boussenard, D133, chemin Neuf, rue des Hauts-Fours, rue Croix-de-la-Musse, rue du Sautoir, rue des Murs et rue de l’Église). Des stands et des spectateurs près de la mairie rue Louis Boussenard. Le monument aux morts devant la mairie. Arrivée de la course. Sur une scène devant la mairie, interview de concurrentes de la course dans différentes catégories et remise de fleurs et de coupes. Rue Louis Boussenard, une fanfare défilant un manège avions, le monument aux morts devant la mairie puis séquence sur une distribution de cadeaux à des petits enfants sur la scène et des jeux organisés pour les enfants au milieu de la rue. Les stands et les manèges de la fête. Séquence sur des jeux organisés pour les adultes sur la scène et dans la rue. Film HD Sonore Couleur Film super 8 23m 50s Course cycliste Enfant Escrennes (45) Fête patronale Jeu diaz 27212",1984,Fête patronale à Escrennes,1984-01-01,Filme amador e memória local,Arquivo audiovisual institucional
CICLIC - Centre-Val-de-Loire,ciclic-centre-val-de-loire,France,Europe,FR-CICLIC,Institutional film and audiovisual archive,https://memoire.ciclic.fr/,True,True,https://memoire.ciclic.fr/films-d-archives,Ciclic Mémoire,https://medias.ciclic.fr/dash/27220/master.m3u8,Jeux intervillages à Bouzonville-aux-Bois,Comité des fêtes d'Escrennes; Bouzonville-aux-Bois (45),"Registro público do catálogo Ciclic Mémoire. | realização: Comité des fêtes d'Escrennes | local: Bouzonville-aux-Bois (45) | embed: https://memoire.ciclic.fr/embed/27220?title=0 | fonte de vídeo: application/x-mpegURL | [film accompagné de sons en prise directe] Place de l’Église à Bouzonville-aux-Bois, différentes épreuves commentées par un homme lors de jeux intervillages confrontant des enfants et des adultes d’Escrennes et de Bouzonville. Film HD Sonore Couleur Film super 8 15m 10s Bouzonville-aux-Bois (45) Intervillages diaz 27220",1984,Jeux intervillages à Bouzonville-aux-Bois,1984-01-01,Filme amador e memória local,Arquivo audiovisual institucional
CICLIC - Centre-Val-de-Loire,ciclic-centre-val-de-loire,France,Europe,FR-CICLIC,Institutional film and audiovisual archive,https://memoire.ciclic.fr/,True,True,https://memoire.ciclic.fr/films-d-archives,Ciclic Mémoire,https://medias.ciclic.fr/dash/27219/master.m3u8,Kermesse à Escrennes,Comité des fêtes d'Escrennes; Escrennes (45),"Registro público do catálogo Ciclic Mémoire. | realização: Comité des fêtes d'Escrennes | local: Escrennes (45) | embed: https://memoire.ciclic.fr/embed/27219?title=0 | fonte de vídeo: application/x-mpegURL | [film accompagné de sons en prise directe] Rue Louis Boussenard à Escrennes, des enfants déguisés et des adultes près de la place à côté de la mairie puis défilant dans le bourg suivis par la fanfare de Pithiviers-le-Vieil (rue Louis Boussenard, rue des Percherons, rue Saint-Benoît et rue Louis Boussenard pour se rendre sur le terrain de la kermesse au bord de l’Oeuf). Un animateur sur une scène sous les arbres du terrain, le public et des jurés devant la scène puis séquence sur l’animateur présentant des enfants costumés pour un concours de déguisement (avec vues des jurés votant et du public). Le public, les stands et les animations de la kermesse (promenade en poney ou en barque sur l’Oeuf, tir à la carabine et à l’arc, brise-assiettes, chamboule-tout et buvette). Concert de la fanfare sur la scène. Des personnes près de stands de la kermesse (pêches à la ligne, promenade en barque, barbecue et buvette, tir au lance-pierres…). Film HD Sonore Couleur Film super 8 19m 48s Déguisement Enfant Escrennes (45) Fanfare Kermesse diaz 27219",1984,Kermesse à Escrennes,1984-01-01,Filme amador e memória local,Arquivo audiovisual institucional
CICLIC - Centre-Val-de-Loire,ciclic-centre-val-de-loire,France,Europe,FR-CICLIC,Institutional film and audiovisual archive,https://memoire.ciclic.fr/,True,True,https://memoire.ciclic.fr/films-d-archives,Ciclic Mémoire,https://medias.ciclic.fr/dash/27210/master.m3u8,Kermesse à Escrennes,Comité des fêtes d'Escrennes; Escrennes (45),"Registro público do catálogo Ciclic Mémoire. | realização: Comité des fêtes d'Escrennes | local: Escrennes (45) | embed: https://memoire.ciclic.fr/embed/27210?title=0 | fonte de vídeo: application/x-mpegURL | [film accompagné de sons en prise directe] À l’occasion d’une kermesse de l’école d’Escrennes, un défilé avec des enfants déguisés, des adultes et la fanfare part de la rue Louis Boussenard, descend la rue Saint-Benoît puis, au bas de la rue Louis Boussenard, arrive près d’un terrain au bord de l’Oeuf (clocher de l’église Saint-Lubin en arrière-plan). La fanfare arrive sur le terrain parmi les spectateurs et les stands de la kermesse. Sur une scène installée sous les arbres, séquence sur un animateur présentant des enfants pour un concours de déguisement puis un concert de la fanfare. Des spectateurs devant la scène. Séquence sur les badauds sur le terrain et différents stands de la kermesse (pêche à la ligne, promenade en bateau sur l’Oeuf, tir à la carabine et à l’arc, buvette-barbecue, chamboule-tout, promenade en poney, tir au lance-pierres, roue, loterie…). Film HD Sonore Couleur Film super 8 25m 26s Déguisement Enfant Escrennes (45) Fanfare Kermesse diaz 27210",1983,Kermesse à Escrennes,1983-01-01,Filme amador e memória local,Arquivo audiovisual institucional
CICLIC - Centre-Val-de-Loire,ciclic-centre-val-de-loire,France,Europe,FR-CICLIC,Institutional film and audiovisual archive,https://memoire.ciclic.fr/,True,True,https://memoire.ciclic.fr/films-d-archives,Ciclic Mémoire,https://medias.ciclic.fr/dash/27214/master.m3u8,Kermesse à Escrennes,Comité des fêtes d'Escrennes; Escrennes (45),"Registro público do catálogo Ciclic Mémoire. | realização: Comité des fêtes d'Escrennes | local: Escrennes (45) | embed: https://memoire.ciclic.fr/embed/27214?title=0 | fonte de vídeo: application/x-mpegURL | Rue Louis Boussenard à Escrennes, la fanfare joue sur la place à côté de la mairie puis suit dans le bourg un défilé d’enfants déguisés accompagnés d’adultes (rue Louis Boussenard, rue Saint-Benoît, venant de la rue des Percherons puis à nouveau rue Louis Boussenard jusqu’à un terrain au bord de l’Oeuf). Sur le terrain où se déroule la kermesse, un homme avec un microphone interviewe un musicien de la fanfare sur une scène, le public assis devant la scène, de jeunes musiciens de la fanfare avec des panneaux de notes puis longue séquence sur l’animateur présentant des enfants costumés pour un concours de déguisement. Concert de la fanfare sur la scène. Séquence sur des personnes aux différents stands de la kermesse (pêche à la ligne, tir à l’arc, chamboule-tout, lance-pierres, klaxon, pêche aux anneaux, promenade en poney et en barque sur l’Oeuf, buvette…). Film HD Muet Couleur Film super 8 23m 20s Déguisement Enfant Escrennes (45) Fanfare Kermesse diaz 27214",1982,Kermesse à Escrennes,1982-01-01,Filme amador e memória local,Arquivo audiovisual institucional
CICLIC - Centre-Val-de-Loire,ciclic-centre-val-de-loire,France,Europe,FR-CICLIC,Institutional film and audiovisual archive,https://memoire.ciclic.fr/,True,True,https://memoire.ciclic.fr/films-d-archives,Ciclic Mémoire,https://medias.ciclic.fr/dash/27259/master.m3u8,Curage d'une mare à Attray,Jean-Marc Coulon; Attray (45),"Registro público do catálogo Ciclic Mémoire. | realização: Jean-Marc Coulon | local: Attray (45) | embed: https://memoire.ciclic.fr/embed/27259?title=0 | fonte de vídeo: application/x-mpegURL | Près d’une ferme à Frapuy, sur la commune d’Attray, une pompe attelée à un tracteur aspire l’eau d’une mare. Des bottes de paille bâchées constituant une retenue d’eau, puis de nombreux poissons dans celle-ci. La mare pratiquement vide et une pelleteuse en retirant la vase pour la placer dans une remorque attelée à un tracteur. Quatre hommes près du chantier puis d’autres passant sur un charriot élévateur. Un tracteur et sa remorque quittant le site de curage puis le contenu de la remorque dans un champ. Un amas de vase au bord de la mare. Séquence sur le chantier avec la pelleteuse ramassant de la vase, la plaçant dans une remorque attelée à un tracteur et les allées-venues d’autres tracteurs avec remorques (avec vues d’hommes près d’une pompe au bord de l’eau et d’autres construisant un muret). L’eau sortant d’un tuyau et remplissant la mare. Près de la pelleteuse, des personnes avec pelle et râteau facilitent son écoulement et, d’autres ramènent des poissons vers l’eau avec des épuisettes et une poubelle. Le groupe en pause près de l’arrière d’une Renault 4L Break. Dans la mare peu remplie, des personnes ramassent des poissons à l’épuisette (avec panoramique sur le plan d’eau e...",1980,Curage d'une mare à Attray,1980-01-01,Arquivo audiovisual regional,Arquivo audiovisual institucional
CICLIC - Centre-Val-de-Loire,ciclic-centre-val-de-loire,France,Europe,FR-CICLIC,Institutional film and audiovisual archive,https://memoire.ciclic.fr/,True,True,https://memoire.ciclic.fr/films-d-archives,Ciclic Mémoire,https://medias.ciclic.fr/dash/27226/master.m3u8,Fête patronale à Escrennes,Comité des fêtes d'Escrennes; Escrennes (45),"Registro público do catálogo Ciclic Mémoire. | realização: Comité des fêtes d'Escrennes | local: Escrennes (45) | embed: https://memoire.ciclic.fr/embed/27226?title=0 | fonte de vídeo: application/x-mpegURL | Rue Louis Bossenard à Escrennes, des coureuses cyclistes se mettant en place sur une ligne de départ devant la mairie et des spectateurs le long de barrières de sécurité ou sur le trottoir. Départ de la course cycliste et badauds dans la rue. La course dans les rues du bourg avec vues de spectateurs et de commissaires de course (rue Louis Bossenard, D133, chemin Neuf, rue des Hauts-Fours, rue Croix de la Musse, rue du Sautoir, rue des Murs, rue de l’Église et rue Louis Bossenard). À l’arrivée de la course, séquence sur des badauds et des spectateurs près de manèges, le long des barrières et sur une petite scène rue Louis Bossenard. Sur la petite scène,; remise de coupes et de fleurs aux trois premières de la couse. Majorettes et fanfare au milieu des spectateurs. Animations dans la rue : des personnes à un stand de tir, des enfants sur des manèges, la buvette, un tirage sur la petite scène et les habitants présents. Sur la petite scène, tirage au sort pour la distribution de cadeaux à des petits enfants, et jeux de gâteaux suspendus pour des plus grands (avec vues de badauds, de spectateurs, des animations et du monument aux morts devant la mairie). Jeux pour les enfants...",1980,Fête patronale à Escrennes,1980-01-01,"Documentário, cotidiano e memória local",Arquivo audiovisual institucional
CICLIC - Centre-Val-de-Loire,ciclic-centre-val-de-loire,France,Europe,FR-CICLIC,Institutional film and audiovisual archive,https://memoire.ciclic.fr/,True,True,https://memoire.ciclic.fr/films-d-archives,Ciclic Mémoire,https://medias.ciclic.fr/dash/27216/master.m3u8,Fête patronale et autres manifestations à Escrennes,Comité des fêtes d'Escrennes; Escrennes (45),"Registro público do catálogo Ciclic Mémoire. | realização: Comité des fêtes d'Escrennes | local: Escrennes (45) | embed: https://memoire.ciclic.fr/embed/27216?title=0 | fonte de vídeo: application/x-mpegURL | Sur une feuille accrochée en campagne : “Le Comité Des Fêtes D’Escrennes ‘Présente’”. Écrit sur un miroir : “Fête Patronale D’Escrennes 1979”. Rue Louis Bossenard à Escrennes, près des manèges et de stands, les préparatifs d’une course cycliste avec placement de barrières de sécurité, badauds circulant et organisateurs discutant. des coureuses cyclistes sur la ligne de départ. Un manège pour enfants tournant. Un pompier fumant au milieu de la rue. Une camionnette de vente de nourriture. Devant la mairie, les cyclistes en attente de départ, un homme parlant devant un microphone puis les coureuses s’élançant. Passage de la course rue Louis Bossenard. Un manège “avions” au bord de la rue. Un homme la balayant. Des personnes à la buvette. La course passe devant des personnes assises ou debout sur le trottoir de la rue. Un commissaire de course dans la rue puis un autre à l’entrée de la rue de Montvilliers. Séquence sur la course avec vues de commissaires de course, de spectateurs et du passage des cyclistes sur la D133, sur le chemin Neuf (avec vue d’une moissonneuse-batteuse), au carrefour des rues des Hauts-Fours et de Mareau, dans les rues des Hauts-Fours, Croix de la Muss...",1979,Fête patronale et autres manifestations à Escrennes,1979-01-01,"Documentário, cotidiano e memória local",Arquivo audiovisual institucional
CICLIC - Centre-Val-de-Loire,ciclic-centre-val-de-loire,France,Europe,FR-CICLIC,Institutional film and audiovisual archive,https://memoire.ciclic.fr/,True,True,https://memoire.ciclic.fr/films-d-archives,Ciclic Mémoire,https://medias.ciclic.fr/dash/27217/master.m3u8,Fête patronale à Escrennes,Comité des fêtes d'Escrennes; Escrennes (45),"Registro público do catálogo Ciclic Mémoire. | realização: Comité des fêtes d'Escrennes | local: Escrennes (45) | embed: https://memoire.ciclic.fr/embed/27217?title=0 | fonte de vídeo: application/x-mpegURL | Sur des feuilles : “Le Comité Des Fètes D’Escrennes”, “Présente” puis “1978 Fête Patronale”. Affiche annonçant la fête et son programme les 5, 6 et 7 août. Sur le terrain de sport de l’école, derrière la mairie rue Louis Bossenard (église Saint-Lubin parfois au loin), deux équipes d’enfants posent alignées, quelques actions du match les opposant, démonstration de tir à l’arc, un homme jouant avec un ballon de football, les équipe d’enfants posant ensemble, des spectateurs, des tireurs à l’arc et leur cible puis suivi d’un match de football. Trois coupes sur une table, des enfants mangeant à l’issue d'un match puis remise des coupes aux capitaines d’équipe. Tireurs à l’arc. Des personnes à la buvette. Sur une échelle, une femme fixe à un poteau une décoration au-dessus de la rue Louis Bossenard. Dans le centre bourg, près de la mairie rue Louis Bossenard, des manèges, l’installation de barrières de sécurité, un camionnette vendant de la nourriture, déplacement d’un pot de fleurs près du monument aux morts, passage d’une moissonneuse-batteuse et stand de tir à la carabine. Préparation d’une course cycliste (badauds, jurés attablés, branchement d’une sono sur une petite scèn...",1978,Fête patronale à Escrennes,1978-01-01,"Documentário, cotidiano e memória local",Arquivo audiovisual institucional
CICLIC - Centre-Val-de-Loire,ciclic-centre-val-de-loire,France,Europe,FR-CICLIC,Institutional film and audiovisual archive,https://memoire.ciclic.fr/,True,True,https://memoire.ciclic.fr/films-d-archives,Ciclic Mémoire,https://medias.ciclic.fr/dash/27213/master.m3u8,Kermesse à Escrennes,Comité des fêtes d'Escrennes; Escrennes (45),"Registro público do catálogo Ciclic Mémoire. | realização: Comité des fêtes d'Escrennes | local: Escrennes (45) | embed: https://memoire.ciclic.fr/embed/27213?title=0 | fonte de vídeo: application/x-mpegURL | [film accompagné de sons en prise directe] Carton : “Kermesse 1978”. Affiche pour une fête champêtre le dimanche 28 mai 1978 au bord de l’Oeuf à Escrennes. Depuis le pont de la rue Louis Boussenard, voitures et stands sur un terrain puis l’Oeuf. Des personnes réunies dans le centre bourg se préparent pour un défilé, avec portraits d’enfants costumés. À l’occasion d’une kermesse de l’école d’Écrennes, un défilé avec des enfants déguisés, des adultes et la fanfare part de la rue Louis Boussenard, descend la rue Saint-Benoît puis, au bas de la rue Louis Boussenard, arrive près d’un terrain au bord de l’Oeuf (clocher de l’église Saint-Lubin en arrière-plan). La fanfare arrive sur le terrain parmi les spectateurs et les stands de la kermesse. Sur une scène installée sous les arbres, séquence sur un animateur présentant des enfants pour un concours de déguisement puis un concert de la fanfare. Des spectateurs devant la scène. Séquence sur les badauds sur le terrain et différents stands de la kermesse (pêche à la ligne, promenade en bateau sur l’Oeuf, tir à la carabine et à l’arc, buvette-barbecue, chamboule-tout, promenade en poney, tir au lance-pierres, roue, loterie…). Défilé...",1978,Kermesse à Escrennes,1978-01-01,"Documentário, cotidiano e memória local",Arquivo audiovisual institucional
CICLIC - Centre-Val-de-Loire,ciclic-centre-val-de-loire,France,Europe,FR-CICLIC,Institutional film and audiovisual archive,https://memoire.ciclic.fr/,True,True,https://memoire.ciclic.fr/films-d-archives,Ciclic Mémoire,https://medias.ciclic.fr/dash/27215/master.m3u8,Kermesse à Escrennes,Comité des fêtes d'Escrennes; Escrennes (45),"Registro público do catálogo Ciclic Mémoire. | realização: Comité des fêtes d'Escrennes | local: Escrennes (45) | embed: https://memoire.ciclic.fr/embed/27215?title=0 | fonte de vídeo: application/x-mpegURL | Rue Louis Boussenard à Escrennes, séquence sur des enfants déguisés et des adultes sur la place à côté de la mairie. Défilé des enfants et de leurs accompagnateurs, précédés par la fanfare, dans le bourg (rue Boussenard, rue des Percherons, rue Saint-Benoît et rue Louis Boussenard pour rejoindre la kermesse sur un terrain au bord de l’Oeuf). Sur le terrain, le public s’installant sur des chaises, des jurés devant lui puis, sur une scène, un animateur avec un enfant dans les bras. Les enfants déguisés se dirigent vers la scène, le public puis séquence sur l’animateur présentant des enfants costumés pour un concours de déguisement. Une démonstration de tir à l’arc. Des personnes aux différents stands de la kermesse (buvette, tir à la carabine, à l’arc et au lance-pierres et pêche à la ligne). La fanfare joue sur la scène. Des personnes près de différents stands. Promenade en barque sur l’Oeuf. Film HD Muet Couleur Film super 8 22m 35s Déguisement Enfant Escrennes (45) Kermesse Tir à l'arc diaz 27215",1977,Kermesse à Escrennes,1977-01-01,Filme amador e memória local,Arquivo audiovisual institucional
CICLIC - Centre-Val-de-Loire,ciclic-centre-val-de-loire,France,Europe,FR-CICLIC,Institutional film and audiovisual archive,https://memoire.ciclic.fr/,True,True,https://memoire.ciclic.fr/films-d-archives,Ciclic Mémoire,https://medias.ciclic.fr/dash/27235_1/master.m3u8,Défilé des fêtes johanniques à Orléans,Serge Arénas; Orléans (45),"Registro público do catálogo Ciclic Mémoire. | realização: Serge Arénas | local: Orléans (45) | embed: https://memoire.ciclic.fr/embed/27235_1?title=0 | fonte de vídeo: application/x-mpegURL | Boulevard de Verdun à Orléans, près de l’église Saint-Paterne, défilé sous la pluie des fêtes johanniques avec des militaires, des magistrats, des fanfares, des groupes en costume régional, des ecclésiastiques, des cavaliers accompagnant la Jeanne 1976, des personnes costume historique, des groupe d’enfants, des scouts et des majorettes, Film HD Muet Couleur Film 8 mm 07m 58s Costume régional Fanfare Fête Jeanne d'Arc Orléans (45) Pluie diaz 27235 - Séquence n°1",1976,Défilé des fêtes johanniques à Orléans,1976-01-01,Filme amador e memória local,Arquivo audiovisual institucional
CICLIC - Centre-Val-de-Loire,ciclic-centre-val-de-loire,France,Europe,FR-CICLIC,Institutional film and audiovisual archive,https://memoire.ciclic.fr/,True,True,https://memoire.ciclic.fr/films-d-archives,Ciclic Mémoire,https://medias.ciclic.fr/dash/27298/master.m3u8,Histoire d'ô...Tage [Fiction],Maurice Huvelin; Saint-Jean-le-Blanc (45),"Registro público do catálogo Ciclic Mémoire. | realização: Maurice Huvelin | local: Saint-Jean-le-Blanc (45) | embed: https://memoire.ciclic.fr/embed/27298?title=0 | fonte de vídeo: application/x-mpegURL | [film accompagné de musique, de bruitages et de sons en prise directe] Polar autour de la prise d’otage d’un enfant (le réalisateur a alors 16 ans). Générique : “histoire d’ô…”, “…tage.”, “avec François H dans le rôle de l’Inspecteur Héloir”, “Claude, Claire et Isabelle : La Brigade du Tibre”, “François C : Le Pépé”, “Nicole : Mme Nykoldur, et son fils, Xavier : l’Otage”, “Mamy : la Cuisinière”, “Jean : Jojo et Bertrand : Bebert” puis “Réalisation : Maurice”. Des articles sur des cambriolages dans le Loiret et en Eure-et-Loir. Dans un parc d’une demeure à Saint-Jean-le-Blanc, un homme lit le journal puis une Renault 15 passe rapidement devant lui avant de s’arrêter net à l’entrée du parc. Un homme portant un masque en descend suivi par un garçon, les deux tiennent un pistolet. Ils courent vers une maison dans laquelle ils essaient d’entrer. L’autre homme plie son journal et va en vélo jusqu’à la voiture dans laquelle il voit un pistolet. Il quitte le parc avant que les deux autre ne revienne pour récupérer le pistolet avant de courir et d’entrer dans la maison. Le cycliste arrive près d’une cabine téléphonique d’où il appelle. En intérieur, un homme à un bureau répond, prend...",1976,Histoire d'ô...Tage [Fiction],1976-01-01,Ficção cinematográfica,Arquivo audiovisual institucional
CICLIC - Centre-Val-de-Loire,ciclic-centre-val-de-loire,France,Europe,FR-CICLIC,Institutional film and audiovisual archive,https://memoire.ciclic.fr/,True,True,https://memoire.ciclic.fr/films-d-archives,Ciclic Mémoire,https://medias.ciclic.fr/dash/27243/master.m3u8,Battage et tonte de moutons à Artenay,Robert Brochet; Artenay (45),"Registro público do catálogo Ciclic Mémoire. | realização: Robert Brochet | local: Artenay (45) | embed: https://memoire.ciclic.fr/embed/27243?title=0 | fonte de vídeo: application/x-mpegURL | À Artenay, sur le stade rue d’Auvilliers, des hommes près d’une batteuse et d’une locomobile puis, entouré de spectateurs, un homme tondant des moutons. Film HD Muet Couleur Film super 8 03m 13s Artenay (45) Batteuse Locomobile Mouton Tonte diaz 27243",1975,Battage et tonte de moutons à Artenay,1975-01-01,Filme amador e memória local,Arquivo audiovisual institucional
CICLIC - Centre-Val-de-Loire,ciclic-centre-val-de-loire,France,Europe,FR-CICLIC,Institutional film and audiovisual archive,https://memoire.ciclic.fr/,True,True,https://memoire.ciclic.fr/films-d-archives,Ciclic Mémoire,https://medias.ciclic.fr/dash/27240/master.m3u8,Batteuse à Artenay,Robert Brochet; Artenay (45),"Registro público do catálogo Ciclic Mémoire. | realização: Robert Brochet | local: Artenay (45) | embed: https://memoire.ciclic.fr/embed/27240?title=0 | fonte de vídeo: application/x-mpegURL | À Artenay, sur le stade rue d’Auvilliers, séquence sur des hommes travaillant sur une batteuse actionnées par une locomobile Merlin. Arrivée d’une charrette remplie de blé et tirée par une cheval que guide un homme. Le chargement commence à être vidé dans la batteuse. Séquence sur le battage avec vues des machines. Film HD Muet Couleur Film super 8 10m 01s Artenay (45) Battage avec machine Batteuse Locomobile diaz 27240",1975,Batteuse à Artenay,1975-01-01,Filme amador e memória local,Arquivo audiovisual institucional
CICLIC - Centre-Val-de-Loire,ciclic-centre-val-de-loire,France,Europe,FR-CICLIC,Institutional film and audiovisual archive,https://memoire.ciclic.fr/,True,True,https://memoire.ciclic.fr/films-d-archives,Ciclic Mémoire,https://medias.ciclic.fr/dash/27234/master.m3u8,Carnaval de Saint-Jean-de-la-Ruelle,Serge Arénas; Saint-Jean-de-la-Ruelle (45),"Registro público do catálogo Ciclic Mémoire. | realização: Serge Arénas | local: Saint-Jean-de-la-Ruelle (45) | embed: https://memoire.ciclic.fr/embed/27234?title=0 | fonte de vídeo: application/x-mpegURL | À Saint-Jean-de-la-Ruelle, un bébé dans une poussette puis un défilé sur l’avenue Pierre Mendès-France avec cavaliers costumés, chars décorés, majorettes, fanfares, groupes déguisés, Film HD Muet Couleur Film 8 mm 04m 47s Carnaval Défilé de chars décorés Déguisement Fanfare Majorette Saint-Jean-de-la-Ruelle (45) diaz 27234",1975,Carnaval de Saint-Jean-de-la-Ruelle,1975-01-01,Filme amador e memória local,Arquivo audiovisual institucional
CICLIC - Centre-Val-de-Loire,ciclic-centre-val-de-loire,France,Europe,FR-CICLIC,Institutional film and audiovisual archive,https://memoire.ciclic.fr/,True,True,https://memoire.ciclic.fr/films-d-archives,Ciclic Mémoire,https://medias.ciclic.fr/dash/27242/master.m3u8,Chantier de construction en Inde,Robert Brochet,"Registro público do catálogo Ciclic Mémoire. | realização: Robert Brochet | embed: https://memoire.ciclic.fr/embed/27242?title=0 | fonte de vídeo: application/x-mpegURL | En Indre, depuis un bateau avançant, travelling sur des champs au bord d’une rivière. Dans un village, des hommes portent, en marchant sur des planches, et vident de la terre dans la remorque d’un camion. Dans la rue, des tas de sable, de cailloux et de ciment et des hommes préparant du béton. Un grand bâtiment en cours de construction et les ouvriers travaillant près des tas à son pied. Des hommes autour d’un grand tas de sable et d’autres creusant une tranchée. Film HD Muet Couleur Film super 8 03m 18s Construction de bâtiment Inde Ouvrier du bâtiment diaz 27242",1974,Chantier de construction en Inde,1974-01-01,Filme amador e memória local,Arquivo audiovisual institucional
CICLIC - Centre-Val-de-Loire,ciclic-centre-val-de-loire,France,Europe,FR-CICLIC,Institutional film and audiovisual archive,https://memoire.ciclic.fr/,True,True,https://memoire.ciclic.fr/films-d-archives,Ciclic Mémoire,https://medias.ciclic.fr/dash/7107/master.m3u8,Chasse au canard (La),Caméra Photo Club Lochois; Loches (37),"Registro público do catálogo Ciclic Mémoire. | realização: Caméra Photo Club Lochois | local: Loches (37) | embed: https://memoire.ciclic.fr/embed/7107?title=0 | fonte de vídeo: application/x-mpegURL | Un canard passe la tête par le trou d'un panier en osier. Titre ""La chasse au canard film réalisé en 1973 par les membres du Caméra Club Lochois d'après un sketch de Robert Lamoureux"". Un couple discutent autour de la table de la salle à manger. La femme tricote et l'homme lit un journal. Une jeune femme fait la vaisselle dans la cuisine. Un homme toque à la porte. Il tient un canard dans un panier. Le sketch de Robert Lamoureux est conté en voix off. Le canard est perché en haut du buffet de la salle à manger. La famille s'organise pour aller le chercher. Tous les moyens sont utilisés pour tuer le canard sans succès. La maison est c’en dessus dessous et le canard toujours vivant. L'homme fait appel à des chasseurs pour s'occuper de l'animal. Ils échouent. Le canard est à table avec la famille et participe au repas. Portrait du canard ""Fin"". Film HD Sonore Couleur Film 16 mm 07m 20s Caméra club Canard colvert Chasse Loches (37) diaz 7107",1973,Chasse au canard (La),1973-01-01,Filme amador e memória local,Arquivo audiovisual institucional
CICLIC - Centre-Val-de-Loire,ciclic-centre-val-de-loire,France,Europe,FR-CICLIC,Institutional film and audiovisual archive,https://memoire.ciclic.fr/,True,True,https://memoire.ciclic.fr/films-d-archives,Ciclic Mémoire,https://medias.ciclic.fr/dash/27257/master.m3u8,Voyage en Yougoslavie,"Jean-Marc Coulon; Bosnie-Herzégovine, Rijeka","Registro público do catálogo Ciclic Mémoire. | realização: Jean-Marc Coulon | local: Bosnie-Herzégovine, Rijeka | embed: https://memoire.ciclic.fr/embed/27257?title=0 | fonte de vídeo: application/x-mpegURL | Une carte de la Yougoslavie avec des points touristiques puis un itinéraire s’y traçant. Montreux et les bords du lac Léman au coucher du soleil. Panoramique sur le paysage au col du Simplon avec présence de la maison Barral et de l’ancien hospice. Un panneau “Italia” à un poste-frontière. Un torrent. Un bateau sur le lac Majeur puis les îles d’Isola Madre et d’Isola Bella au loin. À Vicence, la place des Seigneurs avec les deux colonnes et la tour de l’horloge. La ville de Rijeka et des paysages de la mer Adriatique dans la baie de Bakar . Deux ânes broutant au bord d’une route, un mouton sur les rochers puis une femme près des deux ânes. Des maisons de pêcheurs et une place (?) sur le littoral. La Renault 8 des voyageurs s’approche puis s’éloigne sur un chemin. Panneaux indicateurs vers Obrovac et Zagreb. Panoramique sur le canyon de la rivière Zrmanja depuis le bord d’une route. À Plitvica, des cascades se jetant dans les lacs de Plitvice. Des personnes sur un marché. Un troupeau de cochons au bord d’une route. Deux hommes dans une charrette tirée par deux chevaux (deux autres suivant à côté). Des vaches dans un pré, une femme parmi elles puis des oies dans un autre pr...",1965,Voyage en Yougoslavie,1965-01-01,"Documentário, cotidiano e memória local",Arquivo audiovisual institucional
CICLIC - Centre-Val-de-Loire,ciclic-centre-val-de-loire,France,Europe,FR-CICLIC,Institutional film and audiovisual archive,https://memoire.ciclic.fr/,True,True,https://memoire.ciclic.fr/films-d-archives,Ciclic Mémoire,https://medias.ciclic.fr/dash/27258_1/master.m3u8,Abattage d'arbres à Briarres-sur-Essonne,Jean-Marc Coulon; Briarres-sur-Essonne (45),"Registro público do catálogo Ciclic Mémoire. | realização: Jean-Marc Coulon | local: Briarres-sur-Essonne (45) | embed: https://memoire.ciclic.fr/embed/27258_1?title=0 | fonte de vídeo: application/x-mpegURL | Au moulin de Buisseau, à Briares-sur-Essonne, un homme conduit dans l’eau un tracteur avec une remorque remplie de bois qu’il décharge ensuite au bord de l’Essonne avec deux autres hommes. Des arbres et un homme en haut de l’un d’eux pour y couper des branches. Une allée d’arbres. Deux hommes sciant un tronc que le tracteur sort ensuite du bois. Des arbres au bord de l’Essonne au coucher du soleil [sombre]. Sciage d’un tronc au sol déplacé ensuite par le tracteur jusqu’à un champ. Un autre tracteur sort du bois. Le premier tracteur tracte le second qui déplace un tronc. Nouvelle sortie d’un tronc. Les hommes installés sur l’herbe. Un tas de bois et des troncs au bord de l’eau. Chutes d’arbres coupés. Séquence sur le site d’abattage au bord de l’eau et les hommes y travaillant (préparation d’abattage, chutes d’arbres, découpes à la tronçonneuse et feu de branchages). Des tracteurs-chenilles et les deux autres tracteurs sortent des troncs du site d’abattage. Chutes d’arbres sortis ensuite par les tracteurs. Avancée d’un tracteur dans l’herbe filmée du véhicule. Deux hommes sur un tracteur-chenille écrasant les hautes herbes. Un camion-grue au bord de l’Essonne, un chien s’...",1960,Abattage d'arbres à Briarres-sur-Essonne,1960-01-01,Arquivo audiovisual regional,Arquivo audiovisual institucional
CICLIC - Centre-Val-de-Loire,ciclic-centre-val-de-loire,France,Europe,FR-CICLIC,Institutional film and audiovisual archive,https://memoire.ciclic.fr/,True,True,https://memoire.ciclic.fr/films-d-archives,Ciclic Mémoire,https://medias.ciclic.fr/dash/27228/master.m3u8,Vie familiale,"Serge Arénas; Abilly (37), Amboise (37), Azay-le-Rideau (37), Chinon (37), Drancy (93)","Registro público do catálogo Ciclic Mémoire. | realização: Serge Arénas | local: Abilly (37), Amboise (37), Azay-le-Rideau (37), Chinon (37), Drancy (93) | embed: https://memoire.ciclic.fr/embed/27228?title=0 | fonte de vídeo: application/x-mpegURL | Carton : “Les ‘Arénas’”. À Drancy, un garçon entre dans une pièce et regarde sous une table. Dans une cour, un homme et une petite fille jouent aux boules (par une fenêtre, une femme dans une cuisine) puis une femme écrit à la craie sur un mur. En intérieur, portrait de la femme à une porte. Plongées sur la petite fille dans la cour, sur une femme et un homme y arrivant, Le jeune homme mangeant dans la cuisine [sombre] puis accoudé à la fenêtre. Des fleurs dans un vase sur un balcon. Plongée sur le garçon avec un vélomoteur dans la cour. La petite fille à une porte. En permission, le jeune homme joue de la guitare assis dans le cadre d’une fenêtre. En uniforme, il remonte un chemin, avec deux autres devant les grilles d’un bâtiment de la ligne Maginot puis à nouveau sur un chemin avec un autre soldat. Une forêt. Des bâtiments de caserne. Panoramiques sur des paysages vallonnés. Sur un chemin, le soldat s’approche en courant. Une jeep puis un camion roulant près de bâtiments militaires. Intérieur (?). De la neige au pied d’arbres. Panoramique sur paysage (déjà vu) vallonné légèrement enneigé. Plongée sur des soldats travaillant dan...",1960,Vie familiale,1960-01-01,Arquivo audiovisual regional,Arquivo audiovisual institucional
CICLIC - Centre-Val-de-Loire,ciclic-centre-val-de-loire,France,Europe,FR-CICLIC,Institutional film and audiovisual archive,https://memoire.ciclic.fr/,True,True,https://memoire.ciclic.fr/films-d-archives,Ciclic Mémoire,https://medias.ciclic.fr/dash/27324/master.m3u8,Village au Cameroun,Jean Adnet; Cameroun,"Registro público do catálogo Ciclic Mémoire. | realização: Jean Adnet | local: Cameroun | embed: https://memoire.ciclic.fr/embed/27324?title=0 | fonte de vídeo: application/x-mpegURL | Dans le village de Foumban, au Cameroun, un homme travaillant sur un métier à tisser puis la préparation et la cuisson de statuettes en bronze. Des statues exposées. Le bâtiment d’une mission protestante. Panoramique sur un paysage de montagnes et le village. Plongée sur une place de Foumban où se déroule un marché. Dans la mosquée, un homme de dos puis priant au sol. La mosquée puis portrait d’un homme dans la rue. Les toits de la mosquée et deux hommes dans un stand de marché. Une décoration sculptée. Un lionceau en cage. Film HD Muet Noir & Blanc Film 16 mm 02m 15s Cameroun Mosquée Prière Statue diaz 27324",1960,Village au Cameroun,1960-01-01,Filme amador e memória local,Arquivo audiovisual institucional
CICLIC - Centre-Val-de-Loire,ciclic-centre-val-de-loire,France,Europe,FR-CICLIC,Institutional film and audiovisual archive,https://memoire.ciclic.fr/,True,True,https://memoire.ciclic.fr/films-d-archives,Ciclic Mémoire,https://medias.ciclic.fr/dash/27321/master.m3u8,Inondations à Antananarivo,Jean Adnet; Antananarivo (ville),"Registro público do catálogo Ciclic Mémoire. | realização: Jean Adnet | local: Antananarivo (ville) | embed: https://memoire.ciclic.fr/embed/27321?title=0 | fonte de vídeo: application/x-mpegURL | À Antananarivo, une rue inondée puis des animaux et des personnes sur un terrain près d’un grand bâtiment. Panoramiques sur la ville inondée depuis une hauteur (avec notamment le lac Anosy et la statue de la Victoire en son milieu). L’entrée du palais de la Reine. La ville inondée. Le temple protestant d’Amboninampamarinana , des maisons et les toits du palais sur une colline. Des réfugiés et leurs affaires dans une église. Film HD Muet Noir & Blanc Film 16 mm 02m 21s Antananarivo (ville) Inondation diaz 27321",1958,Inondations à Antananarivo,1958-01-01,Filme amador e memória local,Arquivo audiovisual institucional
CICLIC - Centre-Val-de-Loire,ciclic-centre-val-de-loire,France,Europe,FR-CICLIC,Institutional film and audiovisual archive,https://memoire.ciclic.fr/,True,True,https://memoire.ciclic.fr/films-d-archives,Ciclic Mémoire,https://medias.ciclic.fr/dash/27003/master.m3u8,Production de la Renault Dauphine [Rushes],"102 Anonyme; Boulogne-Billancourt (92), Montlhéry (91)","Registro público do catálogo Ciclic Mémoire. | realização: 102 Anonyme | local: Boulogne-Billancourt (92), Montlhéry (91) | embed: https://memoire.ciclic.fr/embed/27003?title=0 | fonte de vídeo: application/x-mpegURL | À l'usine Renault de Flins, des ""Dauphine"" sortent d'un grand bâtiment. Séquence sur la chaîne de montage avec machines du modèle de la firme Renault (carrosserie, pose sur châssis, équipement textile, pose des roues, peinture...). Une ""dauphine"" sortant du bâtiment. Vues de la chaîne de production. Chargement d'éléments dans une remorque ""Renault"" à l'aide d'un chariot élévateur. Travelling depuis une ""Dauphine"" roulant sur le circuit de Montlhéry [inversé] et passage de voitures. Étincelles et flamme d'un fourneau dans l'usine. Une chaîne de production de fonderie. Déchargement et avancée de pièces moulées. Découpe de tissu. Passages d'une ""Dauphine"" sur un circuit puis travellings depuis la voiture roulant sur le circuit de Montlhéry. Dans une cour, un homme présente le moteur arrière de la ""Dauphine"" à deux autres. Une ligne de production de la chaîne de montage. Chargement d'éléments dans une remorque ""Renault"" à l'aide d'un chariot élévateur. Arrivée d'une ""Dauphine"" d'où descend un homme qui en salue un autre qui prend le volant à sa place. Travellings suivant puis précédant la voiture sur le circuit. Étincelles et flamme d'un fourneau. L'usine Renault su...",1956,Production de la Renault Dauphine [Rushes],1956-01-01,Arquivo audiovisual regional,Arquivo audiovisual institucional
CICLIC - Centre-Val-de-Loire,ciclic-centre-val-de-loire,France,Europe,FR-CICLIC,Institutional film and audiovisual archive,https://memoire.ciclic.fr/,True,True,https://memoire.ciclic.fr/films-d-archives,Ciclic Mémoire,https://medias.ciclic.fr/dash/27005/master.m3u8,"Présentations de ""L'Étoile filante""","102 Anonyme; Montlhéry (91), Paris (75), Reims (51)","Registro público do catálogo Ciclic Mémoire. | realização: 102 Anonyme | local: Montlhéry (91), Paris (75), Reims (51) | embed: https://memoire.ciclic.fr/embed/27005?title=0 | fonte de vídeo: application/x-mpegURL | Sur le circuit automobile de Reims, un pilote montant dans une voiture entourée d'hommes. Un groupe, dont des mécaniciens, près de l'automobile portant l'inscription ""Etoile Filante"" (voiture Renault à turbine). De la tribune, passages du prototype devant les stands. Portrait d'une femme. Retransmission d'une course automobile sur un téléviseur ""La Voix de son maître"". Des spectateurs, dont deux militaires, regardant le prototype exposé près du parking. Arrivée du véhicule, le pilote en descendant, un autre prenant sa place et partant. Passage de la voiture filmé des stands. Un homme avec drapeau à damier au bord de la piste puis arrivée du prototype. Un homme au volant du véhicule. Deux hommes parlant dans un microphone. Un groupe autour d'un des pilotes. Des hommes observent la Renault à turbine. Au circuit de Montlhéry, un groupe discute au bord de la piste. Chargement de l'""Étoile filante"" à l'arrière d'un camion (un homme se trouve au volant). Sur les Champs-Élysées à Paris, un camion Renault transportant le prototype manoeuvre devant le magasin de la régie. Installation du véhicule dans la vitrine [flou] avec vue de badauds regardant derrière la vitre. De nom...",1956,"Présentations de ""L'Étoile filante""",1956-01-01,Arquivo audiovisual regional,Arquivo audiovisual institucional
CICLIC - Centre-Val-de-Loire,ciclic-centre-val-de-loire,France,Europe,FR-CICLIC,Institutional film and audiovisual archive,https://memoire.ciclic.fr/,True,True,https://memoire.ciclic.fr/films-d-archives,Ciclic Mémoire,https://medias.ciclic.fr/dash/27004/master.m3u8,12 heures de Reims,102 Anonyme; Reims (51),"Registro público do catálogo Ciclic Mémoire. | realização: 102 Anonyme | local: Reims (51) | embed: https://memoire.ciclic.fr/embed/27004?title=0 | fonte de vídeo: application/x-mpegURL | Dans les stands du circuit automobile de Reims, la pilote Annie Bousquet dans sa Porsche 550RS Spyder (qui périra après un accident dans cette course), le logo sur une voiture O.S.C.A (Officine Specializzate Costruzione Automobili), un homme (?) en discussion puis Panhard Monopole. Départ type ""Le Mans"" de la course (avec traversée de la piste jusqu'au bolide). Arrivée et passage des voitures de course devant les stands et la tribune. Voitures et personnes aux stands où arrivent une ligne de gendarmes. Manoeuvre de deux Gordini T15S, puis une foule autour de l'une d'entre elles. Passage de voitures de course dans une ligne droite. Au bord de la piste, un homme puis un autre signale la fin de la course avec le drapeau à damier. Arrivée deux voitures aux stands. Un homme (?) parmi une foule. Passage d'automobiles à la sortie d'un virage. Un photographe. Aux stands, des hommes et deux femmes avec des bouquets de fleurs. De la tribune de presse, séquence sur le passage de concurrents, les stands (avec arrêts de voitures) et une passerelle Dunlop. Portrait d'une femme. Deux vues de détail d'une automobile. Passage d'une voiture filmé des stands. Des mécaniciens aux stands. Des voitures...",1955,12 heures de Reims,1955-01-01,Arquivo audiovisual regional,Arquivo audiovisual institucional
CICLIC - Centre-Val-de-Loire,ciclic-centre-val-de-loire,France,Europe,FR-CICLIC,Institutional film and audiovisual archive,https://memoire.ciclic.fr/,True,True,https://memoire.ciclic.fr/films-d-archives,Ciclic Mémoire,https://medias.ciclic.fr/dash/27002_1/master.m3u8,24 heures du Mans,102 Anonyme; Le Mans (72),"Registro público do catálogo Ciclic Mémoire. | realização: 102 Anonyme | local: Le Mans (72) | embed: https://memoire.ciclic.fr/embed/27002_1?title=0 | fonte de vídeo: application/x-mpegURL | Sur le circuit du Mans en 1955, séquence sur des voitures de course, des mécaniciens, des pilotes (dont le pilote Mike Hawthorn de l'écurie jaguar)et des journalistes dans les stands. Des spectateurs en tribune et près de la passerelle Dunlop. Les tribunes remplies puis, sur la piste, démarrage de la course et passage des bolides. Un cameraman en tribune. Séquences sur le passage des voitures en différents points du circuit, notamment sous la passerelle Dunlop. Des spectateurs au bord de la piste. Un homme balayant la route. Après l’accident d’une Mercedes-Benz, qui fit 79 morts et 120 blessés , un amas de chaises puis deux hommes avec des extincteurs sur la voiture accidentée en feu. Des spectateurs et un nuage de fumée noire au loin. Des traces d'huile et un reste de chaise sur le sol. Une victime sur une civière (cachée par une banderole et des journaux). Séquence de passages de la course sous la pluie. Les vainqueurs de la course, Mike Hawthorn et Ivor Bueb (dans un bolide Jaguar), puis de nombreux photographes les entourant. De nombreuses personnes sur la piste et les troisième de la course (Johnny Claes et Jacques Swaters de l'écurie Francorchamps) dans leur bolide Jaguar. U...",1955,24 heures du Mans,1955-01-01,Arquivo audiovisual regional,Arquivo audiovisual institucional
CICLIC - Centre-Val-de-Loire,ciclic-centre-val-de-loire,France,Europe,FR-CICLIC,Institutional film and audiovisual archive,https://memoire.ciclic.fr/,True,True,https://memoire.ciclic.fr/films-d-archives,Ciclic Mémoire,https://medias.ciclic.fr/dash/27314/master.m3u8,"Arrivée du ""Calédonien"" à Tahiti",Jean Adnet,"Registro público do catálogo Ciclic Mémoire. | realização: Jean Adnet | embed: https://memoire.ciclic.fr/embed/27314?title=0 | fonte de vídeo: application/x-mpegURL | À Tahiti, le paquebot “Calédonien” des Messageries Maritimes en approche (avec vues de deux petites filles au bord de l’eau et d’une fleur) puis à quai. Des personnes sur le quai puis des voyageurs sur le bateau et en descendant par la passerelle. Des personnes sur la terrasse d’une maison où deux hommes apportent des fleurs en guise de bienvenue. Le groupe passe sur un chemin. Film HD Muet Couleur Film 16 mm 02m 21s Calédonien (bateau) Paquebot Tahiti (987) diaz 27314",1955,"Arrivée du ""Calédonien"" à Tahiti",1955-01-01,Filme amador e memória local,Arquivo audiovisual institucional
CICLIC - Centre-Val-de-Loire,ciclic-centre-val-de-loire,France,Europe,FR-CICLIC,Institutional film and audiovisual archive,https://memoire.ciclic.fr/,True,True,https://memoire.ciclic.fr/films-d-archives,Ciclic Mémoire,https://medias.ciclic.fr/dash/27323/master.m3u8,Consécration d'un pasteur au Cameroun,Jean Adnet; Cameroun,"Registro público do catálogo Ciclic Mémoire. | realização: Jean Adnet | local: Cameroun | embed: https://memoire.ciclic.fr/embed/27323?title=0 | fonte de vídeo: application/x-mpegURL | Au Cameroun, un temple protestant et un groupe de personnes assises à son pied. Panoramique sur de nombreuses personnes assises puis, parmi elles, portraits de femmes et d’hommes chantant. Un homme les dirigeant. Des personnes circulant sur un terrain puis d’autres descendant d’un pickup International Harvester A110. Portrait d’un pasteur africain. Un groupe de pasteurs africains et européens sortant d’une bâtisse et arrivant sur le terrain. Un groupe de femmes africaines. Les pasteurs assis puis les nombreuses personnes assises, certaines chantant dirigées par l’homme. Des pasteurs avançant vers une scène puis autour d’un autre au-dessus duquel ils tendent une main. Parmi les pasteurs, un lisant un texte. Film HD Muet Noir & Blanc Film 16 mm 02m 25s Cameroun Cérémonie religieuse Pasteur Protestantisme Temple protestant diaz 27323",1955,Consécration d'un pasteur au Cameroun,1955-01-01,Filme amador e memória local,Arquivo audiovisual institucional
CICLIC - Centre-Val-de-Loire,ciclic-centre-val-de-loire,France,Europe,FR-CICLIC,Institutional film and audiovisual archive,https://memoire.ciclic.fr/,True,True,https://memoire.ciclic.fr/films-d-archives,Ciclic Mémoire,https://medias.ciclic.fr/dash/27319/master.m3u8,En forêt à Tahiti,Jean Adnet,"Registro público do catálogo Ciclic Mémoire. | realização: Jean Adnet | embed: https://memoire.ciclic.fr/embed/27319?title=0 | fonte de vídeo: application/x-mpegURL | À Tahiti, un homme manoeuvre un tractopelle sur un terrain puis fait tomber un palmier avec l’engin. Travellings sur des chemins en forêt. Passages d‘une jeep Willys sur un chemin menant au littoral vers le port de Papeete. Film HD Muet Couleur Film 16 mm 02m 22s Abattage d'arbres Forêt Tahiti (987) diaz 27319",1955,En forêt à Tahiti,1955-01-01,Filme amador e memória local,Arquivo audiovisual institucional
CICLIC - Centre-Val-de-Loire,ciclic-centre-val-de-loire,France,Europe,FR-CICLIC,Institutional film and audiovisual archive,https://memoire.ciclic.fr/,True,True,https://memoire.ciclic.fr/films-d-archives,Ciclic Mémoire,https://medias.ciclic.fr/dash/27266/master.m3u8,Fidji et Polynésie française,Jean Adnet; Nouvelles-Hébrides,"Registro público do catálogo Ciclic Mémoire. | realização: Jean Adnet | local: Nouvelles-Hébrides | embed: https://memoire.ciclic.fr/embed/27266?title=0 | fonte de vídeo: application/x-mpegURL | Aux Fidji, un homme sur le pont du “John Williams VI3. Une autre embarcation s’approchant et accostant le bateau pour qu’un homme y monte. Des hommes près d’une embarcation de sauvetage puis une femme et un homme à l’arrière du bateau. À Suva, la c athédrale de la Sainte-Trinité , l’église Saint-Andrews sur Gordon Street, un véhicule s’éloignant dans une rue puis la ville au loin. Un véhicule d’une société de prévention de la cruauté envers les animaux. Depuis une goélette, paysages d’une île des Nouvelles-Hébrides puis de nombreux hommes à bord d’embarcations s’approchant. L’île depuis l’une des embarcations. L’h ôpital français de Port-Vila sur l’Île d’Éfaté . Une maison. De la végétation et un jardin. Paysage du littoral. Les installations d’une mine de phosphate à Makatea, notamment des wagonnets circulant sur des rails suspendus et un grand tapis roulant (avec panoramique sur le littoral proche), Des personnes sur un quai puis montant dans un bateau qui passe ensuite près de l’installation industrielle. Des personnes sur un wagon montant une colline, le point d’arrivée puis deux wagons sur les rails. Le littoral et l’installation industrielle depuis un wagon montant. Un group...",1955,Fidji et Polynésie française,1955-01-01,"Documentário, cotidiano e memória local",Arquivo audiovisual institucional
CICLIC - Centre-Val-de-Loire,ciclic-centre-val-de-loire,France,Europe,FR-CICLIC,Institutional film and audiovisual archive,https://memoire.ciclic.fr/,True,True,https://memoire.ciclic.fr/films-d-archives,Ciclic Mémoire,https://medias.ciclic.fr/dash/27265/master.m3u8,Fêtes et sortie scout à Tahiti,Jean Adnet,"Registro público do catálogo Ciclic Mémoire. | realização: Jean Adnet | embed: https://memoire.ciclic.fr/embed/27265?title=0 | fonte de vídeo: application/x-mpegURL | Dans la rade de Papeete, un groupe de femmes tahitiennes pendant et après une prière. Près d’un voilier, des hommes dans des pirogues prêts pour le départ d’une course puis s’élançant. Portrait d’un homme parmi le public regardant la course. Passage des nacelles d’une grande roue. Arrivée de la course de pirogues. Départ d’une course féminine. Des bateaux à quai. Une banderole “Dimanche Courses de Chev[aux]” au-dessus d’une rue où circulent des badauds. Les bateaux, le public et la grande roue au loin. Le buste de Bougainville dans le parc à son nom boulevard de la Reine Pomare IV. Deux hommes fixant une barre sur une pirogue. Des double-pirogues reliées par les barres passant, alignées pour le départ d’une course puis s’élançant. Des spectateurs regardant la course et un homme parmi eux. Retour de la course. Les concurrents près de leurs embarcations sur la plage puis posant tous ensemble. Les concurrentes posent à leur tour en groupe. Défilé militaire du 14 juillet sur l’ avenue Pouvana’a a Oopa à Papeete avec des officiers dans des jeeps, des motards de la gendarmerie, des unités militaires, des scouts et des éclaireurs et des membres de clubs sportifs. Depuis un bateau, une mo...",1955,Fêtes et sortie scout à Tahiti,1955-01-01,Arquivo audiovisual regional,Arquivo audiovisual institucional
CICLIC - Centre-Val-de-Loire,ciclic-centre-val-de-loire,France,Europe,FR-CICLIC,Institutional film and audiovisual archive,https://memoire.ciclic.fr/,True,True,https://memoire.ciclic.fr/films-d-archives,Ciclic Mémoire,https://medias.ciclic.fr/dash/27269/master.m3u8,Mission protestante en Nouvelle-Calédonie,Jean Adnet,"Registro público do catálogo Ciclic Mémoire. | realização: Jean Adnet | embed: https://memoire.ciclic.fr/embed/27269?title=0 | fonte de vídeo: application/x-mpegURL | À Houaïlou, dans la Grande Terre en Nouvelle-Calédonie, un jardin et les bâtiments d’une mission protestante, des hommes montant une structure en bois, le paysage aux alentours du site puis les bâtiments. Un homme devant l’un d’entre eux, à côté d’une fontaine située devant puis marchant avec un bouquet de fleurs. La végétation et les bâtiments de la mission, avec vues de personnes. Un jeune homme coupe les cheveux d’un autre. Des enfants sur un chemin. Allongé sur l’herbe, un garçon fait un exercice de géographie. De jeunes gens courent dans tous les sens et font des figures en se portant. L’entrée d’un escalier extérieur. Un homme et un garçon autour d’un pied d’appareil photographique. Portrait d’une petite fille. L’homme et trois enfants sur un chemin. Une automobile et un bâtiment. Un homme arrive sur un chemin et monte l’escalier. De jeunes femmes et une petite fille font une ronde devant un bâtiment, puis posent en groupe sur une terrasse. Des garçons sur un chemin puis près de bâtiments dont un temple en construction. Portrait d’une petite fille debout sur l’herbe. Panoramique sur une montagne et des hommes construisant le toit du temple. De nombreuses personnes sur une es...",1955,Mission protestante en Nouvelle-Calédonie,1955-01-01,Arquivo audiovisual regional,Arquivo audiovisual institucional
CICLIC - Centre-Val-de-Loire,ciclic-centre-val-de-loire,France,Europe,FR-CICLIC,Institutional film and audiovisual archive,https://memoire.ciclic.fr/,True,True,https://memoire.ciclic.fr/films-d-archives,Ciclic Mémoire,https://medias.ciclic.fr/dash/27268/master.m3u8,Scoutisme à Tahiti,Jean Adnet,"Registro público do catálogo Ciclic Mémoire. | realização: Jean Adnet | embed: https://memoire.ciclic.fr/embed/27268?title=0 | fonte de vídeo: application/x-mpegURL | D’un quai de port à Papeete, le paquebot Eridan et des passagers sur son pont [flou]. De nombreuses personnes, dont des scouts se mettant en place, sur le quai au pied du bateau (pour accueillir des scouts revenant d’une jamborée), Des passagers sur le pont dont quatre scouts. La foule et le paquebot à quai. Les scouts alignés et défilant près du bateau. Contre-plongée sur des passagers sur le pont. De la passerelle d’embarquement, un homme parmi d’autres s’adresse au public. Des personnes sur le quai et sur le pont. Des passagers, dont un scout, sortant de la passerelle. Trois scouts avec colliers de fleurs se placent parmi leurs camarades. Des scouts et d’autres personnes parmi le public à la descente du bateau. Les scouts revenus devant le temple protestant de Paofai d’où sortent de nombreuses personnes, dont d’autres scouts, défilant devant eux en les saluant. De nombreuses personnes devant le temple puis son clocher. Des jeunes filles scouts présentent une à une leur fanion. [blanc] Trois personnes discutent devant l’entrée d‘une maison. Des hommes travaillant à la construction d’un bâtiment. À l’occasion du 14 juillet, des scouts défilent sur l’avenue Pouvanaa a Oopa (monume...",1955,Scoutisme à Tahiti,1955-01-01,Arquivo audiovisual regional,Arquivo audiovisual institucional
CICLIC - Centre-Val-de-Loire,ciclic-centre-val-de-loire,France,Europe,FR-CICLIC,Institutional film and audiovisual archive,https://memoire.ciclic.fr/,True,True,https://memoire.ciclic.fr/films-d-archives,Ciclic Mémoire,https://medias.ciclic.fr/dash/27267/master.m3u8,Vie paroissiale à Tahiti et sur l'île de Lifou,Jean Adnet,"Registro público do catálogo Ciclic Mémoire. | realização: Jean Adnet | embed: https://memoire.ciclic.fr/embed/27267?title=0 | fonte de vídeo: application/x-mpegURL | Dans le jardin du presbytère de Papeete, des femmes arrivant avec des gâteau puis portraits de certaines les présentant. Des hommes près d’une camionnette Citroën 23 dans le jardin. Des adultes et des enfants décorent une scène avec de la végétation. Un groupe d’hommes bricolant (avec portraits). Un homme fixe une corde sur la scène. Sur la plage, construction d’une jetée puis des hommes amenant des bidons en les faisant rouler. Un groupe d’enfants devant un arbre sur lequel se trouvent des affiches (une pour une fête paroissiale de jeunes protestants et un avis de révision de la liste électorale pour l’année 1954). Deux petites filles dans le jardin. Des hommes près de tables alignées. Panoramiques sur de nombreuses personnes, certaines attablées, et des stands dans le jardin puis sur la scène en cours d’installation. Des jeunes filles sur la scène font un tirage de loterie. Portraits d’une femme devant la scène puis d’une autre femme et d’un homme se cachant derrière son chapeau. Un homme salue la caméra en traversant la fête. Séquence sur les stands de la fête (de vente, de jeu ou alimentaire) et sur le public près d’eux ou attablé. Sur un terrain de basket devant la scène, des...",1954,Vie paroissiale à Tahiti et sur l'île de Lifou,1954-01-01,"Documentário, cotidiano e memória local",Arquivo audiovisual institucional
