institution,slug,country,continent,repository_code,archive_type,cna_detail_url,content_available_in_source,website_available,partner_site,platform,video_link,video_title,video_subject,video_description,video_published_at,video_title_display,video_date_display,video_theme,access_surface
Centre national de l'audiovisuel (CNA),cna-luxembourg,Luxembourg,Europe,LU-CNA,National audiovisual archive,https://cna.public.lu/en.html,True,True,https://cnasearch.public.lu/searchprofiles/run/4/film,CNAsearch,https://cna.kiss.lu/getMedium/d18fac130ee9f74d2c035d491b946467,Das Grossherzogtum Luxemburg,"Danse Tourisme Hébergement touristique MS Princesse Marie-Astrid Parcs zoologiques Dauphins Trains à vapeur; Luxembourg (Luxembourg) , Mullerthal , Echternach , Nospelt , Wiltz , Wiltz-Château , Moselle (cours d'eau) , Vianden , Hosingen , Fond de Gras; Films documentaires; Courts métrages , Films documentaires","Ficha pública CNAsearch no perfil `Philippe Schneider, réalisateur`. | número de objeto: IA_DOC_000758 | natureza: Image animée Support Bobine de film: 16mm film | gênero: Films documentaires | forma: Courts métrages , Films documentaires | país: Luxembourg | créditos: Philippe Schneider (1908-1980) (Réalisateur) Marie-Jeanne Kartheiser (Réalisateur) Philippe Schneider (1908-1980) (Directeur de la photographie) Jacques Decerf (Ingénieur du son) Marie-Jeanne Kartheiser (Chef monteur) Marcel Engel (1912-2003) (Commentaire écrit par) Distribution/Interprétation Frank Elstner (1942-....) (Narrateur) | fonte de mídia: video/mp4 | Le film débute par des vues de Luxembourg-Ville : le pont Adolphe, la vallée de la Pétrusse avec son parc, la cathédrale, les fortifications avec les casemates, le château de Septfontaines au Rollingergrund, ainsi que le siège de l’Arbed sur la place des Martyrs. La visite de la capitale se termine avec une scène de danse au théâtre municipal. Schneider nous fait découvrir ensuite l’industrie de l’hôtellerie en nous montrant des exemples d’auberges et de restaurants établis un peu partout dans le pays. Après un passage sur les routes du Mullerthal, nous nous rendons à Echternach, puis à Nospelt où se tient la fête annuelle de l’ « Emäischen ». Nous visitons également Wiltz avec son château et sa fête du genêt, la vallée de la Moselle, le château de Vianden et le parc de Hosingen et son delphinarium. Le film retourne ensuite à Luxembourg-Ville pour les festivités de la fête nationale devant le palais grand-ducal et nous fait découvrir la famille grand-d...",1979,Das Grossherzogtum Luxemburg,1979-01-01,"Território, cidade e memória nacional",Arquivo audiovisual institucional
Centre national de l'audiovisuel (CNA),cna-luxembourg,Luxembourg,Europe,LU-CNA,National audiovisual archive,https://cna.public.lu/en.html,True,True,https://cnasearch.public.lu/searchprofiles/run/4/film,CNAsearch,https://cna.kiss.lu/getMedium/2ece55b42a201ff033c2c630affdf1b6,Le port de Mertert,"Transports de navigation intérieure Transports ferroviaires Produits sidérurgiques Produits pétroliers Péniches MS Princesse Marie-Astrid; Mertert , Moselle (cours d'eau); Films d'entreprise , Films documentaires; Courts métrages","Ficha pública CNAsearch no perfil `Philippe Schneider, réalisateur`. | número de objeto: IA_DOC_000121 | natureza: Image animée | gênero: Films d'entreprise , Films documentaires | forma: Courts métrages | país: Luxembourg | créditos: Philippe Schneider (1908-1980) (Réalisateur) Philippe Schneider (1908-1980) (Directeur de la photographie) Bernard Labaume (Commentaire écrit par) Distribution/Interprétation Jacques Navadic (1920-2015) (Narrateur) | fonte de mídia: video/mp4 | La construction du port de Mertert sur la Moselle est replacée dans le contexte industriel et économique du pays. Après l'inauguration par le couple grand-ducal et les personnalités luxembourgeoises et étrangères, le film montre surtout, et assez longuement, des images de l'industrie sidérurgique et des activités dans le port (chargements, déchargements). Il insiste sur le rôle que le port aura à jouer dans l'économie du pays en fonctionnant comme plaque tournante pour les industries du pays et notamment la sidérurgie, mais aussi dans l'accroissement de l'import-export et dans l'activité des bateliers qui disposent désormais d'un port dans leur propre pays. | La construction du port de Mertert sur la Moselle est replacée dans le contexte industriel et économique du pays.",1976,Le port de Mertert,1976-01-01,"Trabalho, indústria e infraestrutura",Arquivo audiovisual institucional
Centre national de l'audiovisuel (CNA),cna-luxembourg,Luxembourg,Europe,LU-CNA,National audiovisual archive,https://cna.public.lu/en.html,True,True,https://cnasearch.public.lu/searchprofiles/run/4/film,CNAsearch,https://cna.kiss.lu/getMedium/6cc4294f0d771df719f48dc18fab666c,Escale au Luxembourg,"Tourisme Sprangprozessioun Randonnée équestre Camping; Luxembourg (Luxembourg) , Aéroport de Luxembourg , Grevenmacher , Mondorf-les-Bains (Luxembourg ; station thermale) , Echternach , Clervaux , Wiltz , Lac de la Haute-Sûre , Bettembourg -- Parc Merveilleux; Films documentaires; Courts métrages , Films documentaires","Ficha pública CNAsearch no perfil `Philippe Schneider, réalisateur`. | número de objeto: IA_DOC_000780 | natureza: Image animée Support Bobine de film: 16mm film | gênero: Films documentaires | forma: Courts métrages , Films documentaires | país: Luxembourg | créditos: Philippe Schneider (1908-1980) (Réalisateur) Jacques Decerf (Ingénieur du son) Marie-Jeanne Kartheiser (Chef monteur) Marcel Huret (Commentaire écrit par) Distribution/Interprétation Robert Willar (1923-2008) (Narrateur) | fonte de mídia: video/mp4 | Le film commence avec des vues aériennes de la ville de Luxembourg et l’atterrissage d’un avion luxembourgeois et d’un avion islandais au Findel ainsi que la descente des passagers de ce même avion. Schneider nous emmène ensuite en voyage à travers le Grand-Duché en commençant par la Moselle. Nous assistons aux vendanges et au défilé d’une fête des vins, avant de visiter Mondorf-les-Bains et son parc fleuri et de déguster son eau. S’ensuivent des images aériennes de paysages de l’Ösling, de châteaux en ruines et plus particulièrement de celui de Vianden. Après un détour au Mullerthal et à Echternach, avec des images de la basilique et de la procession dansante, nous retournons au nord du pays à Clervaux et au lac de la Haute-Sûre. A Wiltz nous assistons à la fête du genêt, puis nous passons au camping de Esch-sur-Sûre et nous suivons des personnes qui font des randonnées équestres. Le film continue avec des images du Parc Merveilleux à Bettembourg avant de retourner à Luxembourg-Ville à l’occasion des festivités de l’Octave. Un défilé avec le premier omnibus à c...",1974,Escale au Luxembourg,1974-01-01,"Trabalho, indústria e infraestrutura",Arquivo audiovisual institucional
Centre national de l'audiovisuel (CNA),cna-luxembourg,Luxembourg,Europe,LU-CNA,National audiovisual archive,https://cna.public.lu/en.html,True,True,https://cnasearch.public.lu/searchprofiles/run/4/film,CNAsearch,https://cna.kiss.lu/getMedium/f9c3ce0babcf520830f5e4b7ae12e38d,L' aventure industrielle du Luxembourg,"Sanglier Réservoirs (lacs) Sidérurgie Marbre -- Industrie et commerce Céramique -- Industrie et commerce Tuyaux en béton Faïence -- Industrie et commerce Tabac -- Industrie et commerce Caoutchouc -- Industrie et commerce Avions Brasserie Foires Viticulture; Luxembourg (Luxembourg) -- Pont Rouge , Aéroport de Luxembourg , Moselle, Vallée de la (Luxembourg) , Mertert; Films documentaires; Courts métrages , Films documentaires","Ficha pública CNAsearch no perfil `Philippe Schneider, réalisateur`. | número de objeto: IA_DOC_000814 | natureza: Image animée Support Bobine de film: 16mm film | gênero: Films documentaires | forma: Courts métrages , Films documentaires | país: Luxembourg | créditos: Philippe Schneider (1908-1980) (Réalisateur) Philippe Schneider (1908-1980) (Directeur de la photographie) Jacques Fournet (Ingénieur du son) Bernard Labaume (Commentaire écrit par) Distribution/Interprétation Jacques Navadic (1920-2015) (Narrateur) | fonte de mídia: video/mp4 | Film faisant l'inventaire des différentes industries existant au Luxembourg en 1967. Schneider commence par la centrale hydroélectrique de Vianden avant de s’arrêter longuement sur l’industrie de la sidérurgie et les différents produits qui y sont issus. S’ensuivent des images sur la construction du « Pont Rouge » et son inauguration par la Grande-Duchesse Charlotte. Le film se concentre ensuite sur d’branches de l’industrie luxembourgeoise qui contribuent à l'essor économique du pays : les marbres, le carrelage, le ciment, la faïencerie. Sont évoqués, par ailleurs, l'industrie luxembourgeoise de la cigarette, du caoutchouc (Goodyear), l'aéroport, les brasseries et la viticulture. Les différents produits sont exposés à la Foire internationale de Luxembourg. Le film se termine sur l'évocation de la toute récente canalisation de la Moselle. | Dans ce panorama des réalisations du Grand-Duché, Schneider évoque la centrale hydroélectrique de Vianden, la sidérurgie (extraction du minerai à ciel ouvert, aciéries, produits dérivés), le Pont...",1967,L' aventure industrielle du Luxembourg,1967-01-01,"Trabalho, indústria e infraestrutura",Arquivo audiovisual institucional
Centre national de l'audiovisuel (CNA),cna-luxembourg,Luxembourg,Europe,LU-CNA,National audiovisual archive,https://cna.public.lu/en.html,True,True,https://cnasearch.public.lu/searchprofiles/run/4/film,CNAsearch,https://cna.kiss.lu/getMedium/71a677bf47bb62b83bf476411cbd8e29,La centrale de Vianden,"Centrales hydroélectriques de pompage Énergie hydraulique Réservoirs (lacs) Construction Électricité -- Production Turbines Société électrique de l'Our (Luxembourg); Our, Vallée de l' (Luxembourg) , Mont St. Nicolas; Films d'entreprise; Courts métrages , Films documentaires","Ficha pública CNAsearch no perfil `Philippe Schneider, réalisateur`. | número de objeto: IA_DOC_000821 | natureza: Image animée Support Bobine de film: 16mm film | gênero: Films d'entreprise | forma: Courts métrages , Films documentaires | país: Luxembourg | créditos: Philippe Schneider (1908-1980) (Réalisateur) Philippe Schneider (1908-1980) (Directeur de la photographie) René Rora (Ingénieur du son) André Rora (Chef monteur) Bernard Labaume (Commentaire écrit par) Distribution/Interprétation Claude Dasset (Narrateur) | fonte de mídia: video/mp4 | Film sur la centrale de pompage-turbinage de Vianden et l’électricité générée par cette dernière. Pour introduire le sujet, Schneider évoque l’importance de l’électricité au quotidien à l’exemple d’un match de football à la télévision, avant de passer aux différents types de centrales qui produisent de l’électricité à l’époque avec, d’un côté, les centrales hydroélectriques et, de l’autre, les centrales thermiques. Le film explique ensuite, à l’aide de schémas, le fonctionnement de la centrale de pompage-turbinage de Vianden installée dans la vallée de l’Our sur le mont St. Nicolas. Le but de cette centrale nouvellement construite est de contrer le déséquilibre de production provenant du fait que la consommation d’électricité connait des heures de forte consommation et des heures de basse consommation. S’ensuivent des images des travaux de remodelage de la basse vallée qui commençaient en septembre 1959 ainsi que de la création d’un barrage et de deux réservoirs supérieurs. En aout 1962 a lieu le premier remplissage de l’un des...",1964,La centrale de Vianden,1964-01-01,"Trabalho, indústria e infraestrutura",Arquivo audiovisual institucional
Centre national de l'audiovisuel (CNA),cna-luxembourg,Luxembourg,Europe,LU-CNA,National audiovisual archive,https://cna.public.lu/en.html,True,True,https://cnasearch.public.lu/searchprofiles/run/4/film,CNAsearch,https://cna.kiss.lu/getMedium/63e43b8a4226d29919d76840f9662f26,Le lait : l'aliment complet de la nature,"Industrie laitière Laiteries Élevage laitier Lait -- Transformation Produits laitiers -- Inspection; Ingeldorf , Eschweiler (Junglinster) , Luxembourg (Luxembourg) , Bettembourg; Films documentaires , Films publicitaires; Courts métrages , Films documentaires","Ficha pública CNAsearch no perfil `Philippe Schneider, réalisateur`. | número de objeto: IA_DOC_000115 | natureza: Image animée | gênero: Films documentaires , Films publicitaires | forma: Courts métrages , Films documentaires | país: Luxembourg | créditos: Philippe Schneider (1908-1980) (Réalisateur) Distribution/Interprétation Dieter Weidenfeld (Narrateur) Robert Willar (1923-2008) (Narrateur) | fonte de mídia: video/mp4 | Dans ce film qui a comme sujet la collecte, la transformation et la distribution du lait au Luxembourg dans les années 60, Philippe Schneider fait d’abord l’éloge des bienfaits de la consommation du lait, puis nous emmène à travers le pays pour nous montrer le chemin que prend le lait de la vache jusqu’au consommateur. Autrefois, chaque village avait sa laiterie mais, selon les principes de la rationalisation, tout le lait des vaches luxembourgeoises est dorénavant rassemblé dans quatre laiteries dispersées à travers le pays (LADUNO au nord, EKABE à l’est, Luxlait à Luxembourg-Ville et Celula au sud). Toutes les manipulations, de la traite (automatique) au conditionnement, sont soumises à de strictes règles d'hygiène. Dans la laiterie Luxlait, le lait est ainsi conservé dans des tanks, les bouteilles sont stérilisées automatiquement, des machines fabriquent des cartons pour certains produits, le beurre est emballé sans qu'une main ne le touche. Des contrôles et des analyses permanentes garantissent la qualité des produits. Le film se termine sur des images d’enfants et d’ouvriers qui consomment le lait. Philippe Schneider lui-même déguste des fromages...",1964,Le lait : l'aliment complet de la nature,1964-01-01,"Trabalho, indústria e infraestrutura",Arquivo audiovisual institucional
Centre national de l'audiovisuel (CNA),cna-luxembourg,Luxembourg,Europe,LU-CNA,National audiovisual archive,https://cna.public.lu/en.html,True,True,https://cnasearch.public.lu/searchprofiles/run/4/film,CNAsearch,https://cna.kiss.lu/getMedium/e7efe08d3356895b83a6e74ee99b4f19,Luxembourg : ville millénaire 963 - 1963,"Luxembourg (Luxembourg) -- Histoire Anniversaires Guerre mondiale (1914-1918) Guerre mondiale (1939-1945) Mariages royaux et nobles Visites officielles; Luxembourg (Luxembourg); Films documentaires; Courts métrages , Films documentaires","Ficha pública CNAsearch no perfil `Philippe Schneider, réalisateur`. | número de objeto: IA_DOC_000008 | natureza: Image animée | gênero: Films documentaires | forma: Courts métrages , Films documentaires | país: Luxembourg | créditos: Luxembourg (Luxembourg : commune). Administration communale (Producteur) Philippe Schneider (1908-1980) (Réalisateur) | fonte de mídia: video/mp4 | Le film retrace l'histoire de la ville de Luxembourg depuis sa fondation en 963 jusqu’en 1963. La période précédant 1900 est rapidement survolée à l'aide de quelques tableaux et gravures. Puis le sujet s'enrichit grâce à de nombreux documents filmés dont le plus ancien date de 1904 et qui nous montre des images de la gare centrale de Luxembourg-Ville à l’époque. On découvre également un morceau de pellicule colorié à la main [« L'obsession de l'or », film Pathé restauré par le CNA], ce procédé [« Pathécolor »] ayant été, selon Schneider, l'invention de Gabriel Lippman [physicien français né au Luxembourg, lauréat du prix Nobel de physique en 1908]. Sont évoqués ensuite les événements de la période 1914-1939 : la Grande Guerre, l'abdication de la Grande-Duchesse Marie-Adélaïde [seulement en photos], la visite du Duc de Brabant, futur roi des Belges, l'inauguration du monument aux morts de la guerre 1914-1918 par le bourgmestre Gaston Diderich. L'hiver, les habitants de la ville patinaient sur l'étang Brasseur. La procession de l'Octave, un « Hämmelsmarsch », la journée des orphelins à la « Schueberfouer » en compagnie du prince héritier Jean et les cérémonies lors de la fête du cen... | Réalisé lo...",1963,Luxembourg : ville millénaire 963 - 1963,1963-01-01,"Vida pública, política e história",Arquivo audiovisual institucional
Centre national de l'audiovisuel (CNA),cna-luxembourg,Luxembourg,Europe,LU-CNA,National audiovisual archive,https://cna.public.lu/en.html,True,True,https://cnasearch.public.lu/searchprofiles/run/4/film,CNAsearch,https://cnasearch.public.lu/Details/film/150030100,Regards sur le passé: fabrication de champagne à Luxembourg 1904,"Champagne (vin mousseux) -- Industrie et commerce; Luxembourg (Luxembourg) , Kopstal; Films documentaires; Courts métrages , Films documentaires","Ficha pública CNAsearch no perfil `Philippe Schneider, réalisateur`. | número de objeto: IA_DOC_000898 | natureza: Image animée Support Bobine de film: 16mm film | gênero: Films documentaires | forma: Courts métrages , Films documentaires | país: Luxembourg | créditos: Philippe Schneider (1908-1980) (Réalisateur) Distribution/Interprétation Paul Weber (1898-1976) (Narrateur) | Le film commence avec des bobines sur une table, un clap de cinéma et la voix d’une femme qui annonce « Mercier, 4e fois ». Puis Paul Weber, le narrateur du film, commence son explication. On voit des détails du bâtiment de la maison de Champagne Mercier, place de la gare à Luxembourg-Ville, des images d'archives du Jangli sur lesquelles on voit passer, à l'arrière-fonds, un tram tiré par un cheval. S’ensuivent des extraits du film des frères Marzen de 1907* « Ein Besuch in der Champagnerfabrik Mercier » : - une voiture qui sort des établissements Mercier, - les ouvriers au travail dans l'usine, - le retournement des bouteilles, - la culture des oseraies à Kopstal, ainsi que la fabrication de panier pour le transport des bouteilles - le chargement des bouteilles dans un train, - la sortie des ouvriers de l’usine à la fin d’une journée de travail, - une battue à Kopstal. On voit également un plan en couleur et une photo des galeries et caves du bâtiment Mercier à Luxembourg-Ville. Puis viennent des images de la Schueberfouer extraites de « La journée des orphelins ». Ensuite le narrateur nous explique que le complexe Mercier, place de la Gare, vient d’être acquis par la Caisse d'Ep... | Dans ce film,...",1963,Regards sur le passé: fabrication de champagne à Luxembourg 1904,1963-01-01,"Trabalho, indústria e infraestrutura",Arquivo audiovisual institucional
Centre national de l'audiovisuel (CNA),cna-luxembourg,Luxembourg,Europe,LU-CNA,National audiovisual archive,https://cna.public.lu/en.html,True,True,https://cnasearch.public.lu/searchprofiles/run/4/film,CNAsearch,https://cna.kiss.lu/getMedium/de06a59d88aaef66586074bdb5f7ed60,Connaissance de l'Europe. Le Luxembourg,"Défilés Genista Ski nautique Sprangprozessioun Motocross Tour de Luxembourg (course cycliste) Golf Golf miniature Viticulture; Luxembourg (Luxembourg) , Wiltz , Clervaux , Echternach , Vianden , Moselle, Vallée de la (Luxembourg) , Mondorf-les-Bains , Aéroport de Luxembourg; Films documentaires , Films publicitaires; Courts métrages , Films documentaires","Ficha pública CNAsearch no perfil `Philippe Schneider, réalisateur`. | número de objeto: IA_DOC_000440 | natureza: Image animée | gênero: Films documentaires , Films publicitaires | forma: Courts métrages , Films documentaires | país: Luxembourg | créditos: Philippe Schneider (1908-1980) (Réalisateur) Louis Bleser (Ingénieur du son) René Rora (Ingénieur du son) Philippe Este (Commentaire écrit par) Distribution/Interprétation Claude Dasset (Narrateur) Jacqueline Brasseur (Narrateur) | fonte de mídia: video/mp4 | Film sur le Grand-Duché de Luxembourg en tant que pays de l’Europe. Après quelques vues panoramiques de Luxembourg-Ville, des images d’un évènement commémoratif au cimetière américain de Hamm en présence de la Grande-Duchesse Charlotte, du discours d’un orateur politique à la tribune d'un kiosque [à Esch-sur-Alzette], la distribution de trophées lors de la fête de la pêche et d’une brève évocation de l’industrie sidérurgique au Luxembourg, Schneider centre son film sur la nature en commençant par le parc et le château de Colpach, le lac d'Esch-sur-Sûre entouré de collines couvertes de genêt en fleur, des images de voiliers, de pêcheurs et de baigneurs ainsi que d’une famille dans un kayak. Comme exemple de petite ville qu’on puisse découvrir dans le nord du pays, Schneider nous montre Wiltz lors de la fête des genêts. S’ensuivent des vues panoramiques de Clervaux et des collines ardennaises avec leurs châteaux et petits villages. Le long des rivières des campeurs se ressourcent en profitant de l’eau ou d’un pique-nique préparé sur place. On voit ensuite le champion...",1962,Connaissance de l'Europe. Le Luxembourg,1962-01-01,"Trabalho, indústria e infraestrutura",Arquivo audiovisual institucional
Centre national de l'audiovisuel (CNA),cna-luxembourg,Luxembourg,Europe,LU-CNA,National audiovisual archive,https://cna.public.lu/en.html,True,True,https://cnasearch.public.lu/searchprofiles/run/4/film,CNAsearch,https://cna.kiss.lu/getMedium/684d39d3f375237c764160fa5b174c89,Rencontre pour la paix,"Soldats Pèlerinages Chemin de croix Rites et cérémonies militaires Commémorations Messe; Orly, Aéroport d' (France) , Lourdes (Hautes-Pyrénées, France) , Pyrénées (France); Films documentaires; Courts métrages , Films documentaires","Ficha pública CNAsearch no perfil `Philippe Schneider, réalisateur`. | número de objeto: IA_DOC_000899 | natureza: Image animée | gênero: Films documentaires | forma: Courts métrages , Films documentaires | país: Luxembourg | créditos: Philippe Schneider (1908-1980) (Réalisateur) Roger Steffen (Directeur de la photographie) Philippe Schneider (1908-1980) (Chef monteur) Distribution/Interprétation Ad. Bengel (Narrateur) | fonte de mídia: video/mp4 | Reportage sur le 5e pèlerinage militaire international à Lourdes qui a eu lieu du 30 mai au 5 juin 1962. On voit le départ des soldats luxembourgeois et de leurs proches à la gare de Luxembourg-Ville. Schneider nous montre les gens dans le train, puis la ville de Charleville vue du train. Avant de se rendre à Lourdes, les soldats visitent l’aéroport d'Orly. Puis le voyage en train continue. On peut voir des images de la basilique de Lourdes vue du train. Les prochaines images montrent le rassemblement des soldats de différents pays membres de l'Organisation du traité de l'Atlantique nord (OTAN) sur l'esplanade de Lourdes. Les soldats prient ensuite sur le chemin de croix. S’ensuit un défilé militaire et la prise d'armes devant le monument aux morts. Le cardinal Maurice Feltin de Paris, assisté par des soldats de pays différents, y dépose une gerbe au nom de toutes les armées représentées. Schneider nous montre encore les soldats des différentes nations qui se rencontrent dans les rues de Lourdes. Une fois la nuit tombée, c’est l’heure de la retraite aux flambeaux suivie d’une messe. Après viennent des images d’un nouveau rassemb...",1962,Rencontre pour la paix,1962-01-01,"Trabalho, indústria e infraestrutura",Arquivo audiovisual institucional
Centre national de l'audiovisuel (CNA),cna-luxembourg,Luxembourg,Europe,LU-CNA,National audiovisual archive,https://cna.public.lu/en.html,True,True,https://cnasearch.public.lu/searchprofiles/run/4/film,CNAsearch,https://cna.kiss.lu/getMedium/ca301c1b615c6f0d46afa21cff5c035b,L' électricité : moteur des temps modernes,"Réseaux électriques (énergie) Électricité -- Distribution Appareils électroniques -- Alimentation en énergie Appareils électroménagers Réseaux électriques (énergie) -- Entretien et réparations; Vianden , Heisdorf , Clervaux; Films d'entreprise , Films documentaires; Courts métrages","Ficha pública CNAsearch no perfil `Philippe Schneider, réalisateur`. | número de objeto: IA_DOC_000118 | natureza: Image animée | gênero: Films d'entreprise , Films documentaires | forma: Courts métrages | país: Luxembourg | créditos: Philippe Schneider (1908-1980) (Réalisateur) Philippe Schneider (1908-1980) (Directeur de la photographie) André Rora (Chef monteur) Distribution/Interprétation Tun Deutsch (1932-1977) (Narrateur) | fonte de mídia: video/mp4 | Le film, réalisé lors de l'exposition artisanale de 1960 en collaboration avec la CEGEDEL, décrit le fonctionnement, la modernisation et l'entretien du réseau de production et de distribution d'électricité du Grand-Duché. Pour introduire le sujet, Schneider nous montre des images du château de Vianden, puis passe à la centrale électrique à accumulation par pompage et au réseau électrique de ce même village. S’ensuivent des images de panneaux électriques au poste de transformation à Heisdorf et des explications sur la transformation de la tension et la distribution de l’électricité à travers le pays. Nous pouvons découvrir des exemples de l'usage de l’électricité dans la vie quotidienne (radio, chauffage, salle de bain, cuisine, etc.). S’ensuivent des images d’ouvriers de la CEGEDEL qui réparent des installations électriques. Schneider évoque également l’usage de l’électricité dans l’industrie et par les fermiers puis nous montre d’autres exemples d’appareils ménagers. Mais l’électricité ne joue pas uniquement un rôle lors du travail, les installations de loisir comme les piscines ou les campings s’en servent également p...",1960,L' électricité : moteur des temps modernes,1960-01-01,"Trabalho, indústria e infraestrutura",Arquivo audiovisual institucional
Centre national de l'audiovisuel (CNA),cna-luxembourg,Luxembourg,Europe,LU-CNA,National audiovisual archive,https://cna.public.lu/en.html,True,True,https://cnasearch.public.lu/searchprofiles/run/4/film,CNAsearch,https://cna.kiss.lu/getMedium/194332af0adf8105ef69d611a4d16cad,L' électricité au service du pays,"Lignes électriques Installations électriques Appareils électroniques -- Alimentation en énergie Réseaux électriques (énergie) -- Entretien et réparations; Aéroport de Luxembourg; Films documentaires , Films publicitaires; Courts métrages , Films documentaires","Ficha pública CNAsearch no perfil `Philippe Schneider, réalisateur`. | número de objeto: IA_DOC_000816 | natureza: Image animée Support Bobine de film: 16mm film | gênero: Films documentaires , Films publicitaires | forma: Courts métrages , Films documentaires | país: Luxembourg | créditos: Philippe Schneider (1908-1980) (Réalisateur) Philippe Schneider (1908-1980) (Directeur de la photographie) Distribution/Interprétation Camillo (1920-2005) (Narrateur) | fonte de mídia: video/mp4 | Le film, réalisé lors de l'exposition artisanale de 1960 en collaboration avec la Cegedel, décrit le fonctionnement, la modernisation et l'entretien du réseau de production et de distribution d'électricité du Grand-Duché. Schneider vante les avantages de l’électricité qui facilite les gestes de la vie quotidienne. Il évoque les bureaux centraux qui surveillent le réseau électrique luxembourgeois et qui se situent à Differdange, Mersch, Wiltz, Grevenmacher et Bettembourg. Nous découvrons des installateurs aux travail en train de fixer des fils électriques sur des pylônes ou sur les façades des maisons. S’ensuivent des exemples de l’usage de l’électricité au quotidien : un enfant allume la lumière dans une pièce de la maison, une femme règle le thermostat de chauffage, deux trains électriques pour enfants se déplacent sur leurs rails, une femme allume une machine à laver, un fermier utilise une tondeuse électrique pour tondre les poils d’une vache. Les artisans profitent également de l’électricité pour effectuer les tâches quotidiennes de leur travail. Schneider nous montre encore le système de...",1960,L' électricité au service du pays,1960-01-01,"Trabalho, indústria e infraestrutura",Arquivo audiovisual institucional
Centre national de l'audiovisuel (CNA),cna-luxembourg,Luxembourg,Europe,LU-CNA,National audiovisual archive,https://cna.public.lu/en.html,True,True,https://cnasearch.public.lu/searchprofiles/run/4/film,CNAsearch,https://cna.kiss.lu/getMedium/00e45cd461c8c64bf2c30341dc64bdb0,Au service de la Nation,"Guerre mondiale (1939-1945) Patton, George Smith (1885-1945) Armées -- Luxembourg Enseignement militaire Entraînement (sports) Messe; Herrenberg , Sissonne (Aisne, France); Films documentaires , Films publicitaires; Courts métrages , Films documentaires","Ficha pública CNAsearch no perfil `Philippe Schneider, réalisateur`. | número de objeto: IA_DOC_000043 | natureza: Image animée | gênero: Films documentaires , Films publicitaires | forma: Courts métrages , Films documentaires | país: Luxembourg | créditos: Philippe Schneider (1908-1980) (Réalisateur) Nicole Schneider Faber (Réalisateur) René Rora (Ingénieur du son) Philippe Schneider (1908-1980) (Directeur de la photographie) Nicole Schneider Faber (Directeur de la photographie) Philippe Schneider (1908-1980) (Commentaire écrit par) J Galay (Commentaire écrit par) Philippe Este (Commentaire écrit par) Distribution/Interprétation Edith Lansac (Narrateur) Robert Villar (Narrateur) | fonte de mídia: video/mp4 | Le film commence par un hommage rendu au général George Smith Patton et enchaîne sur un long résumé de la seconde guerre mondiale (invasion, combats, réfugiés, débarquement, capitulation). Schneider décrit ensuite le fonctionnement de l'armée luxembourgeoise. On découvre les casernes du 'Herrebierg' à Diekirch, les appels à l'entraînement, l'apprentissage des jeunes soldats auxquels on enseigne un métier qui devra leur servir quand ils réintégreront la vie civile. Une longue partie du film est consacrée à des manœuvres à l'étranger, au camp de Sissonne, près de Reims. Après le ravitaillement et les exercices de tir, Schneider nous montre une messe en plein air avant de nous faire participer aux festivités du 10ème anniversaire de l'OTAN à Mayence. | Le film commence par un résumé de la seconde guerre mondiale en se focalisant sur la libération du Luxembourg et la mort...",1959,Au service de la Nation,1959-01-01,"Vida pública, política e história",Arquivo audiovisual institucional
Centre national de l'audiovisuel (CNA),cna-luxembourg,Luxembourg,Europe,LU-CNA,National audiovisual archive,https://cna.public.lu/en.html,True,True,https://cnasearch.public.lu/searchprofiles/run/4/film,CNAsearch,https://cna.kiss.lu/getMedium/b94401142380e6c35499e8058e388426,Le Roi Baudouin 1er au Grand-Duché du Luxembourg,"Visites officielles; Luxembourg (Luxembourg) , Esch-sur-Alzette , Dudelange; Films documentaires; Courts métrages , Films documentaires","Ficha pública CNAsearch no perfil `Philippe Schneider, réalisateur`. | número de objeto: IA_DOC_001265 | natureza: Image animée | gênero: Films documentaires | forma: Courts métrages , Films documentaires | país: Luxembourg | créditos: Philippe Schneider (1908-1980) (Réalisateur) Nicole Schneider Faber (Réalisateur) Philippe Schneider (1908-1980) (Directeur de la photographie) Nicole Schneider Faber (Directeur de la photographie) | fonte de mídia: video/mp4 | Reportage sur la visite du roi des Belges Baudouin 1er au Grand-Duché de Luxembourg les 16 et 17 juin 1959. MM. Pierre Werner, Joseph Bech et Eugène Schaus ainsi qu’un grand nombre d’autres hautes personnalités arrivent à la gare pour l'arrivée du Roi. La Grande-Duchesse Charlotte accueille le Roi à sa descente du train puis ils passent en revue la Garde Grand-Ducale. Le cortège royal quitte la gare et traverse la ville sous les acclamations d'une foule considérable. Le Bld Roosevelt est envahi par la population venue voir les Souverains. Le Roi dépose une gerbe au monument du Souvenir et le ministre des affaires étrangères, Eugène Schaus, lui présente des anciens combattants. Puis c'est la réception à l'Hôtel de Ville. On peut voir un caméraman de Radio-Télé-Luxembourg en train d’enregistrer l’évènement. Le lendemain les Souverains se rendent à Esch-sur-Alzette où ils sont reçus par le bourgmestre, M. Antoine Krier devant l’Hôtel de Ville. Puis c'est la visite de l'usine de Belval où ils sont accueillis par le Conseil d'Administration des Aciéries Réunies de Burbach-Eich-Dudelange (ARBED). Le cortège fait une courte...",1959,Le Roi Baudouin 1er au Grand-Duché du Luxembourg,1959-01-01,"Vida pública, política e história",Arquivo audiovisual institucional
Centre national de l'audiovisuel (CNA),cna-luxembourg,Luxembourg,Europe,LU-CNA,National audiovisual archive,https://cna.public.lu/en.html,True,True,https://cnasearch.public.lu/searchprofiles/run/4/film,CNAsearch,https://cna.kiss.lu/getMedium/150d44fbc99d1e594aaac67196d32774,Le droit au soleil,"Sécurité sociale Reconversion professionnelle Thérapeutique Maisons de retraite Pensions Placement d'enfants Orphelinats Accompagnement socio-éducatif; Luxembourg (Luxembourg) , Mondorf-les-Bains , Kopstal , Dudelange , Wiltz , Schifflange; Films documentaires; Courts métrages , Films documentaires","Ficha pública CNAsearch no perfil `Philippe Schneider, réalisateur`. | número de objeto: IA_DOC_000010 | natureza: Image animée | gênero: Films documentaires | forma: Courts métrages , Films documentaires | país: Luxembourg | créditos: Nicole Schneider Faber (Réalisateur) Philippe Schneider (1908-1980) (Réalisateur) René Rora (Ingénieur du son) Philippe Schneider (1908-1980) (Directeur de la photographie) Philippe Este (Commentaire écrit par) Distribution/Interprétation Tun Deutsch (1932-1977) (Acteur) Claude Dasset (Narrateur) Edith Lansac (Narrateur) | fonte de mídia: video/mp4 | Film à la gloire des réalisations sociales et des systèmes de protection en place au Luxembourg, ainsi que de la législation sociale qui réglemente certains organismes. On évoque les accidentés du travail et le reclassement professionnel. S’ensuivent des illustrations du monde du travail avec des images d'une fonderie et de paysans travaillant au champ sur des machines. Le film montre que « aux sombres logis d'hier se substituent des maisons claires où même le garage a sa place ». On voit des images d’une piscine dédiée à la population ouvrière d’une usine. Puis Schneider nous montre le centre de réhabilitation physique au Casino à Mondorf-les-Bains. Entre autres installations on y découvre une chambre d'altitude. Reconstitution : un aveugle mendie à la porte de la chapelle St Quirin, en parallèle un aveugle tient un standard téléphonique. Reconstitution: images de la misère d'un ouvrier trop vieux pour travailler, en parallèle un facteur apporte leur pension à un couple dans une maison de retra...",1959,Le droit au soleil,1959-01-01,"Território, cidade e memória nacional",Arquivo audiovisual institucional
Centre national de l'audiovisuel (CNA),cna-luxembourg,Luxembourg,Europe,LU-CNA,National audiovisual archive,https://cna.public.lu/en.html,True,True,https://cnasearch.public.lu/searchprofiles/run/4/film,CNAsearch,https://cna.kiss.lu/getMedium/85eb8467b4692be92e2b39deb3c0e7fe,Luxembourg 1958,"Tourisme Tour de Luxembourg (course cycliste) Agriculture Viticulture Églises Musées d'art Germanisches Nationalmuseum (Nuremberg, Allemagne). Bibliothek -- Manuscrit. Hs. 156142 Sidérurgie; Mullerthal -- Schiessentümpel , Vianden-Château , Echternach , Luxembourg (Luxembourg); Films documentaires , Films publicitaires; Courts métrages , Films documentaires","Ficha pública CNAsearch no perfil `Philippe Schneider, réalisateur`. | número de objeto: IA_DOC_000281 | natureza: Image animée | gênero: Films documentaires , Films publicitaires | forma: Courts métrages , Films documentaires | país: Luxembourg | créditos: Philippe Schneider (1908-1980) (Réalisateur) Nicole Schneider Faber (Réalisateur) René Rora (Ingénieur du son) Francis Mersch (Ingénieur du son) Philippe Schneider (1908-1980) (Directeur de la photographie) Nicole Schneider Faber (Directeur de la photographie) Philippe Este (Commentaire écrit par) Distribution/Interprétation Edith Lansac (Narrateur) Claude Dasset (Narrateur) | fonte de mídia: video/mp4 | Dans ce film, Schneider nous fait découvrir le Grand-Duché de Luxembourg en 1958. Nous visitons la campagne luxembourgeoise avec des images du tour cycliste du Luxembourg, les forêts et falaises du Mullerthal avec la cascade du Schiessentümpel, des vues sur différents châteaux comme celui d’Ansembourg, celui de Hollenfels ou encore celui de Stolzembourg. Puis, nous nous arrêtons un instant au château de Vianden, visitons des églises et des musées, ainsi que la ville d’Echternach. Vient ensuite un chapitre économique avec l'industrie de l’acier et l'évolution économique du pays. Les traditions et distractions avec la Schueberfouer et la piscine de Dudelange précèdent les réalisations sociales tel le Home Prince Jean et la maison des enfants au Kräizbierg à Dudelange. Pour illustrer le progrès technique du pays, Schneider évoque le nouveau poste de Radio-Télé Luxembourg à la Villa Louvigny et nous montre des images de l'é...",1958,Luxembourg 1958,1958-01-01,"Trabalho, indústria e infraestrutura",Arquivo audiovisual institucional
Centre national de l'audiovisuel (CNA),cna-luxembourg,Luxembourg,Europe,LU-CNA,National audiovisual archive,https://cna.public.lu/en.html,True,True,https://cnasearch.public.lu/searchprofiles/run/4/film,CNAsearch,https://cna.kiss.lu/getMedium/ea00d837c994356b3848c48abec33058,Dudelange 1907 1957 : 50 ans ville,"Anniversaires Processions Sidérurgie Conseils municipaux Monuments aux morts Défilés Feux d'artifice; Dudelange; Films documentaires; Courts métrages , Films documentaires","Ficha pública CNAsearch no perfil `Philippe Schneider, réalisateur`. | número de objeto: IA_DOC_000764 | natureza: Image animée Support Bobine de film: 16mm film | gênero: Films documentaires | forma: Courts métrages , Films documentaires | país: Luxembourg | créditos: Nicole Schneider Faber (Réalisateur) Philippe Schneider (1908-1980) (Réalisateur) Nicole Schneider Faber (Directeur de la photographie) Philippe Schneider (1908-1980) (Directeur de la photographie) Jean Friedrich (Commentaire écrit par) | fonte de mídia: video/mp4 | Schneider débute son film réalisé à l'occasion du cinquantenaire de la ville de Dudelange avec des images de la procession qui se déroule tous les ans à la Saint-Jean au Mont Saint-Jean (Gehaansbierg). On peut voir la fanfare, les membres du clergé et l’évêque du Luxembourg, M. Léon Lommel, qui assiste exceptionnellement à cette procession. Après un détour dans le « Kannerschlass » au Kräizbierg et à la maison de retraite visant à démontrer la bonne garde que Dudelange prend de ses citoyens, le film évoque rapidement l’industrie sidérurgique avec des images de l’extraction du minerai par des pelles mécaniques et des usines de l’ARBED. S’ensuivent des images de l’hôtel de ville et du conseil municipal. Schneider fait des gros plans sur tous les membres du conseil et les présente en même temps par leur nom et prénom. Le film se consacre alors aux manifestations de commémoration de cet anniversaire. On peut voir le bourgmestre, M. Jean Fohrmann, faire des dépôts de gerbes devant plusieurs monuments aux morts. Les festivités continuent avec un chœur...",1957,Dudelange 1907 1957 : 50 ans ville,1957-01-01,"Trabalho, indústria e infraestrutura",Arquivo audiovisual institucional
Centre national de l'audiovisuel (CNA),cna-luxembourg,Luxembourg,Europe,LU-CNA,National audiovisual archive,https://cna.public.lu/en.html,True,True,https://cnasearch.public.lu/searchprofiles/run/4/film,CNAsearch,https://cna.kiss.lu/getMedium/a195c97767b756bbe382ac5fc7130c84,Le Luxembourg en marche : aéroport de Luxembourg,"Avions Voyages en avion Pistes (aéronautique) Construction Chargeuses (engins de travaux publics) Décapeuses (engins routiers) Services des incendies Sapeurs-pompiers Tours de contrôle (aéroports) Gastronomie; Esch-sur-Alzette , Luxembourg (Luxembourg) , Aéroport de Luxembourg; Films documentaires; Courts métrages , Films documentaires","Ficha pública CNAsearch no perfil `Philippe Schneider, réalisateur`. | número de objeto: IA_DOC_000815 | natureza: Image animée | gênero: Films documentaires | forma: Courts métrages , Films documentaires | país: Luxembourg | créditos: Philippe Schneider (1908-1980) (Réalisateur) Philippe Schneider (1908-1980) (Directeur de la photographie) Philippe Este (Commentaire écrit par) Distribution/Interprétation Maurice Pierrat (Narrateur) | fonte de mídia: video/mp4 | Le film s'ouvre par une vue de la vallée industrielle d’Esch-sur-Alzette. Puis l'on se rend à Luxembourg-Ville avec des images de la vallée de la Pétrusse, du pont Viaduc et des fortifications, avant d’arriver à l'aéroport qui se situe aux bords de la capitale. Schneider nous montre ici le quotidien de l’aéroport avec le chargement et le déchargement des appareils, la descente des passagers qui se rendent au buffet de l’aéroport pour se ressourcer entre deux vols, la préparation de l’équipage pour le voyage, l’atterrissage et le décollage des avions. Nous découvrons également le travail à la tour de contrôle. Après les images du décollage d’un avion viennent des vues aériennes des alentours de l’aéroport avec le cimetière américain et de Luxembourg-Ville avec le Pont Adolphe. Le film se focalise ensuite sur l’agrandissement de l’aéroport avec la construction d’une nouvelle piste. Nous découvrons les travaux de déboisement et de terrassement, l’évacuation des débris par des camions et le macadamisage de la piste. S’ensuivent des images de l'inauguration d'une nouvelle ligne d'hélicoptère entre Luxembourg et Bruxelle...",1956,Le Luxembourg en marche : aéroport de Luxembourg,1956-01-01,"Trabalho, indústria e infraestrutura",Arquivo audiovisual institucional
Centre national de l'audiovisuel (CNA),cna-luxembourg,Luxembourg,Europe,LU-CNA,National audiovisual archive,https://cna.public.lu/en.html,True,True,https://cnasearch.public.lu/searchprofiles/run/4/film,CNAsearch,https://cna.kiss.lu/getMedium/616dab3e910b6967096a776a2d9ba344,La Croix Rouge luxembourgeoise,"Premiers soins Services d'ambulances Victimes d'accidents de la route; Films publicitaires; Courts métrages , Films documentaires , Publicité","Ficha pública CNAsearch no perfil `Philippe Schneider, réalisateur`. | número de objeto: IA_DOC_000739 | natureza: Image animée Support Bobine de film: 16mm film | gênero: Films publicitaires | forma: Courts métrages , Films documentaires , Publicité | país: Luxembourg | créditos: Philippe Schneider (1908-1980) (Producteur) Philippe Schneider (1908-1980) (Réalisateur) Distribution/Interprétation Pierre Knaff (Narrateur) | fonte de mídia: video/mp4 | Spot réalisé pour la campagne de sensibilisation de la Croix-Rouge luxembourgeoise qui a lieu du 10 au 18 mai 1955 ayant pour thème le secours aux accidentés de la route et le fonctionnement d’un poste de secours sur route. Le spot commence avec l’affiche de la Semaine de la Croix-Rouge du 10 au 18 mai. Puis on voit un homme qui court vers un cycliste blessé et qui se rend ensuite vers le poste de secours qui se trouve en bord de route. Des secouristes arrivent avec une civière pour secourir le cycliste blessé. La centrale téléphonique de la Croix-Rouge est avertie de l’accident et envoie une ambulance pour transporter le blessé à l’hôpital. Entretemps, les secouristes apportent les premiers secours au cycliste inconscient qui est ensuite transporté vers l'ambulance. L'ambulance roule vers l'hôpital. A l'hôpital, une transfusion sanguine est administrée au blessé. Le spot se termine avec l'affiche que nous avons déjà vu au tout début. | Spot ayant pour thème le secours aux accidentés de la route, réalisé pour la campagne de sensibilisation de la Croix-Rouge luxembourgeoise qui a lieu du 10 au 18 mai 1955.",1955,La Croix Rouge luxembourgeoise,1955-01-01,"Vida pública, política e história",Arquivo audiovisual institucional
Centre national de l'audiovisuel (CNA),cna-luxembourg,Luxembourg,Europe,LU-CNA,National audiovisual archive,https://cna.public.lu/en.html,True,True,https://cnasearch.public.lu/searchprofiles/run/4/film,CNAsearch,https://cna.kiss.lu/getMedium/d7de7cdf5c209eae4f5276d9d9fcd963,Promenade au Luxembourg,"Tourisme Sprangprozessioun Camping Scouts Pêches Gastronomie Produits du terroir Viticulture Ski nautique Piscines Châteaux -- Luxembourg; Luxembourg (Luxembourg) , Echternach , Beaufort-Château , Clervaux , Clervaux-Château , Ansembourg , Hollenfels , Vianden , Vianden-Château , Wiltz , Heiderscheidergrund , Diekirch , Moselle, Vallée de la (Luxembourg) , Mondorf-les-Bains (Luxembourg ; station thermale); Films documentaires; Courts métrages , Films documentaires","Ficha pública CNAsearch no perfil `Philippe Schneider, réalisateur`. | número de objeto: IA_DOC_000126 | natureza: Image animée | gênero: Films documentaires | forma: Courts métrages , Films documentaires | país: Luxembourg | créditos: Philippe Schneider (1908-1980) (Réalisateur) Philippe Schneider (1908-1980) (Directeur de la photographie) Philippe Schneider (1908-1980) (Chef monteur) Distribution/Interprétation Paul-Pierre Leclerq (Narrateur) | fonte de mídia: video/mp4 | Un animateur (Paul-Pierre Leclercq) dans un studio de Radio Luxembourg annonce le film. Parallèlement, on découvre une jeune femme écoutant la radio dans son salon. Puis commence le film avec une vue sur Luxembourg-Ville avec le Viaduc sur lequel passe un train à vapeur. On peut également voir les fortifications avec les tourelles espagnoles (échauguettes espagnoles), le marché place Guillaume, les roses place des Martyrs devant le siège de l'ARBED, le pont Adolphe et la statue de la princesse Amélie dans le parc. On sort ensuite de la ville avec deux jeunes gens à vélo et des images de vaches qui broutent sous des arbres en fleurs. Schneider nous emmène alors à Echternach pour nous montrer la procession dansante et le pavillon dans le parc municipal. S’ensuivent des images de vacanciers dans un camping, des châteaux de Beaufort et de Vianden ainsi que de la maison de Victor Hugo. Puis le film nous fait découvrir les paysages de la vallée de l'Our avec des pêcheurs et des gens qui mangent des poissons frits dans un restaurant accompagnés de vin blanc pour se concentrer ensuite sur Clervaux avec son abba...",1954,Promenade au Luxembourg,1954-01-01,"Trabalho, indústria e infraestrutura",Arquivo audiovisual institucional
Centre national de l'audiovisuel (CNA),cna-luxembourg,Luxembourg,Europe,LU-CNA,National audiovisual archive,https://cna.public.lu/en.html,True,True,https://cnasearch.public.lu/searchprofiles/run/4/film,CNAsearch,https://cna.kiss.lu/getMedium/fda07827cef871bc0fb343d98ea3fe7d,Le Luxembourg et son industrie,"Production en série Sidérurgie Laminage Fonderies Tanneries Caoutchouc -- Industrie et commerce Pneus Faïence -- Industrie et commerce Tabac -- Industrie et commerce Brasserie; Luxembourg (Luxembourg) , Usine ARBED Esch-Schifflange , Usine ARBED Dudelange , Wiltz , Colmar-Berg , Larochette , Hesperange -- Église; Films d'entreprise , Films documentaires; Courts métrages","Ficha pública CNAsearch no perfil `Philippe Schneider, réalisateur`. | número de objeto: IA_DOC_000726 | natureza: Image animée | gênero: Films d'entreprise , Films documentaires | forma: Courts métrages | país: Luxembourg | créditos: Philippe Schneider (1908-1980) (Réalisateur) Philippe Schneider (1908-1980) (Directeur de la photographie) | fonte de mídia: video/mp4 | Le film débute par des vues de la vallée, de la ville et des faubourgs de Luxembourg-Ville. Puis on voit le bâtiment de l'administration de la Communauté européenne du charbon et de l'acier (CECA). Ensuite une longue séquence montre l'industrie sidérurgique à Esch-sur-Alzette avec les usines et l'extraction du minerai, à Dudelange avec une coulée de fonte, le blooming et les laminoirs. Une explication est donnée sur les différents produits finis: les poutrelles Gray, les palplanches, etc... On peut également voir les appareils de levage générés par l'industrie sidérurgique (élévateur géant ou treuil portable, échafaudage rotatif). Puis le film quitte la sidérurgie pour s'intéresser au matériel électrique: réparation de moteurs, transport d'un transformateur; ainsi qu'à l'industrie des plastiques avec une machine à extruder. Schneider nous emmène ensuite à Wiltz visiter les tanneries et à Colmar-Berg visiter l'usine Goodyear. Sont également évoquées les filatures, la céramique (usine Villeroy & Boch), la fabrication d'un enduit de façade (la chromolithe) avec son application sur une église. On peut aussi voir la production de cigarettes dans la Manufacture Heintz van Landewyck ains... | Des usines sidérurgiqu...",1953,Le Luxembourg et son industrie,1953-01-01,"Trabalho, indústria e infraestrutura",Arquivo audiovisual institucional
Centre national de l'audiovisuel (CNA),cna-luxembourg,Luxembourg,Europe,LU-CNA,National audiovisual archive,https://cna.public.lu/en.html,True,True,https://cnasearch.public.lu/searchprofiles/run/4/film,CNAsearch,https://cna.kiss.lu/getMedium/4dde4d06f544d8b96fceae3d9ae4e66f,Un beau petit pays,"Tourisme Visites officielles Camping Bains Sprangprozessioun Viticulture Régions minières Cimetières militaires Patton, George Smith (1885-1945) Tramways; Clervaux , Diekirch , Mullerthal , Echternach , Marienthal , Luxembourg (Luxembourg) , Clervaux-Château , Hollenfels-Château , Vianden-Château , Mondorf-les-Bains (Luxembourg ; station thermale) , Hamm (Luxembourg) -- Cimetière militaire américain , Our, Vallée de l' (Luxembourg) , Moselle, Vallée de la (Luxembourg); Films documentaires , Films publicitaires; Courts métrages , Films documentaires","Ficha pública CNAsearch no perfil `Philippe Schneider, réalisateur`. | número de objeto: IA_DOC_000007 | natureza: Image animée | gênero: Films documentaires , Films publicitaires | forma: Courts métrages , Films documentaires | país: Luxembourg | créditos: Philippe Schneider (1908-1980) (Réalisateur) Philippe Schneider (1908-1980) (Chef monteur) Philippe Schneider (1908-1980) (Directeur de la photographie) Joseph Meyers (1900-1964) (Commentaire écrit par) Distribution/Interprétation Jean Toscane (1890-1961) (Narrateur) | fonte de mídia: video/mp4 | Une carte du Grand-Duché ouvre le document. Sur les traces d'une jeune fille et de sa petite sœur, nous partons à la découverte du Grand-Duché de Luxembourg. Après le site du château de Clervaux honoré par la visite de Mme Eleanor Roosevelt, le voyage se poursuit dans la vallée de la Haute-Sûre avec le village d'Esch-sur-Sûre, puis la ville de Diekirch, s'arrête un instant dans le Mullerthal, continue sur Echternach et sa procession dansante, puis sur Marienthal avec son couvent des Pères Blancs, Hollenfels (auberge de jeunesse dans l'ancien château), la vallée de l'Our, avec Vianden et son château médiéval, la Moselle et ses vignobles, Mondorf-les-Bains et ses thermes, ainsi que le bassin minier du sud du pays. Après le cimetière américain de Hamm (avec des images de la visite de Churchill en 1946), nos deux guides font le tour de la ville de Luxembourg, capitale du Grand-Duché. | Sur les traces d'une jeune fille et de sa petite soeur, le spectateur part à la découverte du Grand-Duché de Luxembourg.",1950,Un beau petit pays,1950-01-01,"Trabalho, indústria e infraestrutura",Arquivo audiovisual institucional
Centre national de l'audiovisuel (CNA),cna-luxembourg,Luxembourg,Europe,LU-CNA,National audiovisual archive,https://cna.public.lu/en.html,True,True,https://cnasearch.public.lu/searchprofiles/run/4/film,CNAsearch,https://cna.kiss.lu/getMedium/10563664740bdda60194c47c14a236f7,Le Luxembourg au travail,"Tourisme Vendanges Vin -- Industrie et commerce Brasserie Agriculture Élevage Industrie laitière Lait -- Transformation Coopératives Tabac -- Industrie et commerce Tanneries Sidérurgie; Luxembourg (Luxembourg) , Aéroport de Luxembourg , Mondorf-les-Bains (Luxembourg ; station thermale) , Clervaux , Hollenfels , Moselle, Vallée de la (Luxembourg) , Wiltz; Films documentaires; Courts métrages , Films documentaires","Ficha pública CNAsearch no perfil `Philippe Schneider, réalisateur`. | número de objeto: IA_DOC_000136 | natureza: Image animée | gênero: Films documentaires | forma: Courts métrages , Films documentaires | país: Luxembourg | créditos: Philippe Schneider (1908-1980) (Réalisateur) Philippe Schneider (1908-1980) (Directeur de la photographie) Philippe Schneider (1908-1980) (Chef monteur) Distribution/Interprétation Jean Toscane (1890-1961) (Narrateur) | fonte de mídia: video/mp4 | Film sur les différentes industries du Grand-Duché de Luxembourg. Après une rapide évocation des centres touristiques de Luxembourg-Ville, Mondorf-les-Bains, Clervaux, les vallées de l’Oesling et la vallée de la Moselle, le film aborde le sujet des activités économiques au Luxembourg, à commencer par la fabrication du vin. Sont ensuite présentées les brasseries, l'activité agricole avec des images de l’élevage de différents animaux de la ferme, la traite électrique, la pasteurisation du lait et la fabrication du beurre, la moisson du blé, la sélection des pommes de terres et le concours annuel pour l’amélioration de la race bovine à la foire présidé par le ministre de l'agriculture. Puis Schneider passe à la fabrication de cigarettes et l'artisanat traditionnel en montrant l’exemple de l’ébénisterie. Le film décrit de façon assez détaillée les activités des tanneries et la sidérurgie. Ainsi, dans une séquence de près de 2 minutes sur la tannerie IDEAL à Wiltz, l'on voit en détail le travail des tanneurs. S’ensuivent des images de l’extraction du minerai de fer par des mineurs, la récolte, le dépôt...",1948,Le Luxembourg au travail,1948-01-01,"Trabalho, indústria e infraestrutura",Arquivo audiovisual institucional
Centre national de l'audiovisuel (CNA),cna-luxembourg,Luxembourg,Europe,LU-CNA,National audiovisual archive,https://cna.public.lu/en.html,True,True,https://cnasearch.public.lu/searchprofiles/run/4/film,CNAsearch,https://cna.kiss.lu/getMedium/c2af2ea84d6f6add4b1c5e3347d29148,Le Tour de Luxembourg,"Tour de Luxembourg (course cycliste) Coureurs cyclistes; Luxembourg (Luxembourg) , Esch-sur-Sûre , Clervaux , Diekirch , Junglinster , Mondorf-les-Bains , Wiltz , Esch-sur-Alzette; Films documentaires; Courts métrages , Films documentaires","Ficha pública CNAsearch no perfil `Philippe Schneider, réalisateur`. | número de objeto: IA_DOC_000833 | natureza: Image animée Support Bobine de film: 16mm film | gênero: Films documentaires | forma: Courts métrages , Films documentaires | país: Luxembourg | créditos: Philippe Schneider (1908-1980) (Réalisateur) Philippe Schneider (1908-1980) (Directeur de la photographie) Philippe Schneider (1908-1980) (Chef monteur) Philippe Schneider (1908-1980) (Commentaire écrit par) | fonte de mídia: video/mp4 | Le 8e Tour de Luxembourg en 1948 commence avec le circuit de la capitale, puis l'étape Luxembourg-Diekirch. On peut voir le passage à Esch-sur-Sûre, la montée de Bourscheid, Clervaux et enfin l’arrivée à Diekirch. Puis s’ensuivent des images de la cavalcade de Diekirch de 1948 et des ruines de la guerre. Ensuite les coureurs entament l'étape Diekirch-Mondorf-les-Bains avec passage à Junglinster devant la station de Radio-Luxembourg. A Mondorf-les-Bains on découvre la station thermale avec son parc. Les coureurs reprennent la route pour les étapes Mondorf-les-Bains-Wiltz puis Wiltz-Esch-sur-Alzette en traversant les Ardennes luxembourgeoises. On peut voir entre autres les coureurs Guy Lapébie (FR), Jean Goldschmit (LUX), Mathias Clemens (LUX), Jan Van Steen (BEL), Pietro Tarchini (CH), Nicolas Frantz (LUX) et le Ministre Eugène Schaus. | Reportage de Philippe Schneider sur le 8e Tour de Luxembourg en 1948. On peut voir les différentes étapes de la course ainsi que les arrivées des vainqueurs. En plus, Schneider nous montre les paysages que traversent les coureurs pendant la c...",1948,Le Tour de Luxembourg,1948-01-01,"Território, cidade e memória nacional",Arquivo audiovisual institucional
Centre national de l'audiovisuel (CNA),cna-luxembourg,Luxembourg,Europe,LU-CNA,National audiovisual archive,https://cna.public.lu/en.html,True,True,https://cnasearch.public.lu/searchprofiles/run/4/film,CNAsearch,https://cna.kiss.lu/getMedium/0b5ae740fc02fba38b9884d0b8a13298,Pour la liberté,"Guerre mondiale (1939-1945) Batailles Grève générale (Luxembourg ; 1942) Manoeuvres militaires Armistices Bataille des Ardennes (1944-1945) Capitulation de l'Allemagne (1945) Reconstruction d'après-guerre (2e guerre mondiale); Luxembourg (Luxembourg) , Hamm (Luxembourg) -- Cimetière militaire américain; Films documentaires; Courts métrages , Films documentaires","Ficha pública CNAsearch no perfil `Philippe Schneider, réalisateur`. | número de objeto: IA_DOC_000117 | natureza: Image animée | gênero: Films documentaires | forma: Courts métrages , Films documentaires | país: Luxembourg | créditos: Philippe Schneider (1908-1980) (Réalisateur) Philippe Schneider (1908-1980) (Directeur de la photographie) Philippe Schneider (1908-1980) (Chef monteur) Distribution/Interprétation Paul-Pierre Leclerq (Narrateur) | fonte de mídia: video/mp4 | Evocation de la Seconde Guerre mondiale au Luxembourg. Le film commence par une évocation du « beau petit pays » que fut le Luxembourg avant la guerre, alors qu'y régnaient la paix et le bonheur, sous la protection de la dynastie. Puis ce sont les images de l'invasion du pays par les Allemands et le long exode des populations vers le sud de la France. L'occupation, de Gaulle à Londres, l'armistice, des défilés devant Hitler et Mussolini, sont ensuite montrés, avant l'épisode de la grève générale au Luxembourg évoqué à l'aide de quelques affiches. Viennent ensuite les bombardements de l'Allemagne par les Alliés, le débarquement et enfin, le 10 septembre 1944, la libération de la ville de Luxembourg. Les usines recommencent à fonctionner pour reconstruire les ponts détruits par les Nazis. Puis c'est la contre-offensive de Von Rundstedt, la capitulation de l'Allemagne et la bombe atomique au Japon. La guerre est finie, la Grande-Duchesse revient à Luxembourg sous les ovations de la foule. Les paysans se remettent au travail pour donner à manger à la population et cela, malgré le danger que représentent les...",1948,Pour la liberté,1948-01-01,"Vida pública, política e história",Arquivo audiovisual institucional
Centre national de l'audiovisuel (CNA),cna-luxembourg,Luxembourg,Europe,LU-CNA,National audiovisual archive,https://cna.public.lu/en.html,True,True,https://cnasearch.public.lu/searchprofiles/run/4/film,CNAsearch,https://cna.kiss.lu/getMedium/de8188fc6cebec825f1e7d72c73b0cd2,Le Tour du Luxembourg 1947,"Tour de Luxembourg (course cycliste) Coureurs cyclistes; Luxembourg (Luxembourg) , Ettelbruck , Rodange , Dudelange , Mondorf-les-Bains , Differdange; Films documentaires; Courts métrages , Films documentaires","Ficha pública CNAsearch no perfil `Philippe Schneider, réalisateur`. | número de objeto: IA_DOC_000916 | natureza: Image animée | gênero: Films documentaires | forma: Courts métrages , Films documentaires | país: Luxembourg | créditos: Philippe Schneider (1908-1980) (Réalisateur) | fonte de mídia: video/mp4 | Devant la gare centrale de Luxembourg-Ville, M. Paul Wilwertz, le président de la fédération luxembourgeoise de cyclisme donne le départ du 7e tour de Luxembourg qui a lieu du 1er au 7 juin 1947 sur un parcours de 1100 km. 1ère étape Luxembourg – Diekirch – Ettelbruck : le coureur luxembourgeois Jean Goldschmit gagne l'étape. 2e étape Ettelbruck – Larochette – Rodange : le coureur belge Jean Breuer remporte l'étape. 3e étape Rodange – Reisdorf – Remich – Dudelange : à Dudelange, bourgmestre de la ville, Jean Fohrmann, félicite le vainqueur de l'étape Mathias Clemens. 4e étape Dudelange – Mullerthal – Berdorf – Stafelter - Mondorf-les-Bains : le coureur belge Rik Van Steenbergen gagne l'étape. 5e étape Mondorf-les-Bains – Clervaux – Wiltz – col de Heiderscheid – Koerich – Differdange : l’ancien athlète luxembourgeois François Mersch interviewe Bim Diederich avant le départ. Le coureur belge Prosper Depredomme est le vainqueur à l'arrivée. 6e étape Differdange – Rameldange – Luxembourg : Bim Diederich gagne l'étape au vélodrome. Mathias Clemens gagne le Tour. | Reportage de Philippe Schneider sur le 7e Tour de Luxembourg en 1947. On peut voir les différentes étapes de la course ainsi que les arrivées des vainqueurs. En plus, Schneider nous montre les paysages que traver...",1947,Le Tour du Luxembourg 1947,1947-01-01,Esporte e cultura física,Arquivo audiovisual institucional
Centre national de l'audiovisuel (CNA),cna-luxembourg,Luxembourg,Europe,LU-CNA,National audiovisual archive,https://cna.public.lu/en.html,True,True,https://cnasearch.public.lu/searchprofiles/run/4/film,CNAsearch,https://cna.kiss.lu/getMedium/74b0ea348122855b7d7e923df6c051aa,Le tour du Luxembourg 1946 en 4 étapes,"Tour de Luxembourg (course cycliste) Coureurs cyclistes; Luxembourg (Luxembourg) , Echternach , Dudelange , Rodange , Esch-sur-Alzette; Films documentaires; Courts métrages , Films documentaires","Ficha pública CNAsearch no perfil `Philippe Schneider, réalisateur`. | número de objeto: IA_DOC_000842 | natureza: Image animée | gênero: Films documentaires | forma: Courts métrages , Films documentaires | país: Luxembourg | créditos: Philippe Schneider (1908-1980) (Réalisateur) | fonte de mídia: video/mp4 | Dans ce film, Schneider nous fait découvrir les 4 étapes du Tour de Luxembourg de 1946 : Luxembourg – Dudelange, Dudelange – Rodange, Rodange - Esch-sur-Alzette, Esch-sur-Alzette - Luxembourg. Le départ de la course a lieu devant la gare centrale de Luxembourg-Ville. Les coureurs se rendent ensuite à Echternach, puis à Dudelange où leur arrivée est attendue entre autres par le bourgmestre de la ville, Jean Fohrmann. Le vainqueur de cette première étape est le coureur belge Briek Schotte. La deuxième étape est également gagnée par ce dernier, qui passe la ligne d’arrivée à Rodange tout juste avant le coureur luxembourgeois Bim Diderich. La troisième étape est gagnée par le coureur luxembourgeois Jean Goldschmit. La dernière étape est gagnée par le coureur luxembourgeois Jean Kirchen. Le vainqueur du tour est Briek Schotte. D’autres coureurs luxembourgeois qu’on peut voir dans ce film sont Mathias Clemens et le jeune espoir Lull Gillen. | Dans ce film, Schneider nous fait découvrir les 4 étapes du Tour de Luxembourg de 1946 : Luxembourg – Dudelange, Dudelange – Rodange, Rodange - Esch-sur-Alzette, Esch-sur-Alzette - Luxembourg.",1946,Le tour du Luxembourg 1946 en 4 étapes,1946-01-01,Esporte e cultura física,Arquivo audiovisual institucional
Centre national de l'audiovisuel (CNA),cna-luxembourg,Luxembourg,Europe,LU-CNA,National audiovisual archive,https://cna.public.lu/en.html,True,True,https://cnasearch.public.lu/searchprofiles/run/4/film,CNAsearch,https://cna.kiss.lu/getMedium/85eb8467b4692be92e2b39deb3c0e7fe,Archives RTL #006,Télédiffusion,"Ficha pública CNAsearch no perfil `Philippe Schneider, réalisateur`. | número de objeto: ID2_1494576787324 | natureza: Image animée Support Cassette vidéo: Betacam: SP | forma: Télédiffusion | fonte de mídia: video/mp4",,Archives RTL #006,,Programação televisiva e memória da mídia,Arquivo audiovisual institucional
Centre national de l'audiovisuel (CNA),cna-luxembourg,Luxembourg,Europe,LU-CNA,National audiovisual archive,https://cna.public.lu/en.html,True,True,https://cnasearch.public.lu/searchprofiles/run/4/film,CNAsearch,https://cna.kiss.lu/getMedium/0b5ae740fc02fba38b9884d0b8a13298,Archives RTL #016,Télédiffusion,"Ficha pública CNAsearch no perfil `Philippe Schneider, réalisateur`. | número de objeto: ID2_1190874062616 | natureza: Image animée Support Cassette vidéo: Betacam: SP | forma: Télédiffusion | fonte de mídia: video/mp4",,Archives RTL #016,,Programação televisiva e memória da mídia,Arquivo audiovisual institucional
Centre national de l'audiovisuel (CNA),cna-luxembourg,Luxembourg,Europe,LU-CNA,National audiovisual archive,https://cna.public.lu/en.html,True,True,https://cnasearch.public.lu/searchprofiles/run/4/film,CNAsearch,https://cna.kiss.lu/getMedium/00e45cd461c8c64bf2c30341dc64bdb0,Au service de la Nation,Télédiffusion,"Ficha pública CNAsearch no perfil `Philippe Schneider, réalisateur`. | número de objeto: ID2_1183383174383 | natureza: Image animée Support Bobine de film: Digital Betacam | forma: Télédiffusion | fonte de mídia: video/mp4",,Au service de la Nation,,Programação televisiva e memória da mídia,Arquivo audiovisual institucional
Centre national de l'audiovisuel (CNA),cna-luxembourg,Luxembourg,Europe,LU-CNA,National audiovisual archive,https://cna.public.lu/en.html,True,True,https://cnasearch.public.lu/searchprofiles/run/4/film,CNAsearch,https://cna.kiss.lu/getMedium/00e45cd461c8c64bf2c30341dc64bdb0,Au service de la Nation Masters (Fonds),,"Ficha pública CNAsearch no perfil `Philippe Schneider, réalisateur`. | número de objeto: IA_MAS_000050 | natureza: Image animée Support Cassette vidéo: Digital Betacam Type de son Sonore | fonte de mídia: video/mp4",,Au service de la Nation Masters (Fonds),,"Vida pública, política e história",Arquivo audiovisual institucional
Centre national de l'audiovisuel (CNA),cna-luxembourg,Luxembourg,Europe,LU-CNA,National audiovisual archive,https://cna.public.lu/en.html,True,True,https://cnasearch.public.lu/searchprofiles/run/4/film,CNAsearch,https://cna.kiss.lu/getMedium/de06a59d88aaef66586074bdb5f7ed60,Connaissance de l'Europe : le Luxembourg,Télédiffusion,"Ficha pública CNAsearch no perfil `Philippe Schneider, réalisateur`. | número de objeto: ID2_1217442976748 | natureza: Image animée Support Cassette vidéo: Digital Betacam Type de son Sonore | forma: Télédiffusion | fonte de mídia: video/mp4",,Connaissance de l'Europe : le Luxembourg,,Programação televisiva e memória da mídia,Arquivo audiovisual institucional
Centre national de l'audiovisuel (CNA),cna-luxembourg,Luxembourg,Europe,LU-CNA,National audiovisual archive,https://cna.public.lu/en.html,True,True,https://cnasearch.public.lu/searchprofiles/run/4/film,CNAsearch,https://cna.kiss.lu/getMedium/de06a59d88aaef66586074bdb5f7ed60,Connaissance de l'Europe : le Luxembourg,,"Ficha pública CNAsearch no perfil `Philippe Schneider, réalisateur`. | número de objeto: IA_MAS_000386 | natureza: Image animée Support Cassette vidéo: Digital Betacam Type de son Sonore | fonte de mídia: video/mp4",,Connaissance de l'Europe : le Luxembourg,,Catálogo audiovisual nacional,Arquivo audiovisual institucional
Centre national de l'audiovisuel (CNA),cna-luxembourg,Luxembourg,Europe,LU-CNA,National audiovisual archive,https://cna.public.lu/en.html,True,True,https://cnasearch.public.lu/searchprofiles/run/4/film,CNAsearch,https://cna.kiss.lu/getMedium/d18fac130ee9f74d2c035d491b946467,Das Grossherzogtum Luxemburg c/1,Copie d'exploitation,"Ficha pública CNAsearch no perfil `Philippe Schneider, réalisateur`. | número de objeto: IA_PEL_031898 | natureza: Image animée Support Bobine de film: 16mm film Type de son Sonore | forma: Copie d'exploitation | fonte de mídia: video/mp4",,Das Grossherzogtum Luxemburg c/1,,Catálogo audiovisual nacional,Arquivo audiovisual institucional
Centre national de l'audiovisuel (CNA),cna-luxembourg,Luxembourg,Europe,LU-CNA,National audiovisual archive,https://cna.public.lu/en.html,True,True,https://cnasearch.public.lu/searchprofiles/run/4/film,CNAsearch,https://cna.kiss.lu/getMedium/ea00d837c994356b3848c48abec33058,Dudelange 1907 1957 : 50 ans ville,,"Ficha pública CNAsearch no perfil `Philippe Schneider, réalisateur`. | número de objeto: IA_MAS_000467 | natureza: Image animée Support Cassette vidéo: Digital Betacam Type de son Sonore | fonte de mídia: video/mp4",,Dudelange 1907 1957 : 50 ans ville,,"Território, cidade e memória nacional",Arquivo audiovisual institucional
Centre national de l'audiovisuel (CNA),cna-luxembourg,Luxembourg,Europe,LU-CNA,National audiovisual archive,https://cna.public.lu/en.html,True,True,https://cnasearch.public.lu/searchprofiles/run/4/film,CNAsearch,https://cna.kiss.lu/getMedium/ea00d837c994356b3848c48abec33058,Dudelange 50 ans,Télédiffusion,"Ficha pública CNAsearch no perfil `Philippe Schneider, réalisateur`. | número de objeto: ID2_1205771686150 | natureza: Image animée Support Bobine de film: 16mm film Type de son Sonore | forma: Télédiffusion | fonte de mídia: video/mp4",,Dudelange 50 ans,,Programação televisiva e memória da mídia,Arquivo audiovisual institucional
Centre national de l'audiovisuel (CNA),cna-luxembourg,Luxembourg,Europe,LU-CNA,National audiovisual archive,https://cna.public.lu/en.html,True,True,https://cnasearch.public.lu/searchprofiles/run/4/film,CNAsearch,https://cna.kiss.lu/getMedium/6cc4294f0d771df719f48dc18fab666c,Escale au Luxembourg,Télédiffusion,"Ficha pública CNAsearch no perfil `Philippe Schneider, réalisateur`. | número de objeto: ID2_1217442935821 | natureza: Image animée Support Cassette vidéo: Digital Betacam Type de son Sonore | forma: Télédiffusion | fonte de mídia: video/mp4",,Escale au Luxembourg,,Programação televisiva e memória da mídia,Arquivo audiovisual institucional
Centre national de l'audiovisuel (CNA),cna-luxembourg,Luxembourg,Europe,LU-CNA,National audiovisual archive,https://cna.public.lu/en.html,True,True,https://cnasearch.public.lu/searchprofiles/run/4/film,CNAsearch,https://cna.kiss.lu/getMedium/6cc4294f0d771df719f48dc18fab666c,Escale au Luxembourg,,"Ficha pública CNAsearch no perfil `Philippe Schneider, réalisateur`. | número de objeto: IA_MAS_000478 | natureza: Image animée Support Cassette vidéo: Digital Betacam Type de son Sonore | fonte de mídia: video/mp4",,Escale au Luxembourg,,Catálogo audiovisual nacional,Arquivo audiovisual institucional
Centre national de l'audiovisuel (CNA),cna-luxembourg,Luxembourg,Europe,LU-CNA,National audiovisual archive,https://cna.public.lu/en.html,True,True,https://cnasearch.public.lu/searchprofiles/run/4/film,CNAsearch,https://cna.kiss.lu/getMedium/f9c3ce0babcf520830f5e4b7ae12e38d,L' Aventure industrielle du Luxembourg,Télédiffusion,"Ficha pública CNAsearch no perfil `Philippe Schneider, réalisateur`. | número de objeto: ID2_1205770886865 | natureza: Image animée Support Cassette vidéo: Digital Betacam Type de son Sonore | forma: Télédiffusion | fonte de mídia: video/mp4",,L' Aventure industrielle du Luxembourg,,Programação televisiva e memória da mídia,Arquivo audiovisual institucional
Centre national de l'audiovisuel (CNA),cna-luxembourg,Luxembourg,Europe,LU-CNA,National audiovisual archive,https://cna.public.lu/en.html,True,True,https://cnasearch.public.lu/searchprofiles/run/4/film,CNAsearch,https://cna.kiss.lu/getMedium/f9c3ce0babcf520830f5e4b7ae12e38d,L' Aventure industrielle du Luxembourg,,"Ficha pública CNAsearch no perfil `Philippe Schneider, réalisateur`. | número de objeto: IA_MAS_000503 | natureza: Image animée Support Cassette vidéo: Digital Betacam Type de son Sonore | fonte de mídia: video/mp4",,L' Aventure industrielle du Luxembourg,,Catálogo audiovisual nacional,Arquivo audiovisual institucional
Centre national de l'audiovisuel (CNA),cna-luxembourg,Luxembourg,Europe,LU-CNA,National audiovisual archive,https://cna.public.lu/en.html,True,True,https://cnasearch.public.lu/searchprofiles/run/4/film,CNAsearch,https://cna.kiss.lu/getMedium/194332af0adf8105ef69d611a4d16cad,L' Electricité au service du pays,Télédiffusion,"Ficha pública CNAsearch no perfil `Philippe Schneider, réalisateur`. | número de objeto: ID2_1217442918730 | natureza: Image animée Support Cassette vidéo: Digital Betacam Type de son Sonore | forma: Télédiffusion | fonte de mídia: video/mp4",,L' Electricité au service du pays,,"Trabalho, indústria e infraestrutura",Arquivo audiovisual institucional
Centre national de l'audiovisuel (CNA),cna-luxembourg,Luxembourg,Europe,LU-CNA,National audiovisual archive,https://cna.public.lu/en.html,True,True,https://cnasearch.public.lu/searchprofiles/run/4/film,CNAsearch,https://cna.kiss.lu/getMedium/194332af0adf8105ef69d611a4d16cad,L' Electricité au service du pays,,"Ficha pública CNAsearch no perfil `Philippe Schneider, réalisateur`. | número de objeto: IA_MAS_000506 | natureza: Image animée Support Cassette vidéo: Digital Betacam Type de son Sonore | fonte de mídia: video/mp4",,L' Electricité au service du pays,,"Trabalho, indústria e infraestrutura",Arquivo audiovisual institucional
Centre national de l'audiovisuel (CNA),cna-luxembourg,Luxembourg,Europe,LU-CNA,National audiovisual archive,https://cna.public.lu/en.html,True,True,https://cnasearch.public.lu/searchprofiles/run/4/film,CNAsearch,https://cna.kiss.lu/getMedium/ca301c1b615c6f0d46afa21cff5c035b,L' Electricité: moteur des temps modernes,Télédiffusion,"Ficha pública CNAsearch no perfil `Philippe Schneider, réalisateur`. | número de objeto: ID2_1184144343168 | natureza: Image animée Support Cassette vidéo: Digital Betacam Type de son Sonore | forma: Télédiffusion | fonte de mídia: video/mp4",,L' Electricité: moteur des temps modernes,,"Trabalho, indústria e infraestrutura",Arquivo audiovisual institucional
Centre national de l'audiovisuel (CNA),cna-luxembourg,Luxembourg,Europe,LU-CNA,National audiovisual archive,https://cna.public.lu/en.html,True,True,https://cnasearch.public.lu/searchprofiles/run/4/film,CNAsearch,https://cna.kiss.lu/getMedium/ca301c1b615c6f0d46afa21cff5c035b,L' Electricité: moteur des temps modernes,,"Ficha pública CNAsearch no perfil `Philippe Schneider, réalisateur`. | número de objeto: IA_MAS_000119 | natureza: Image animée Support Cassette vidéo: Digital Betacam Type de son Sonore | fonte de mídia: video/mp4",,L' Electricité: moteur des temps modernes,,"Trabalho, indústria e infraestrutura",Arquivo audiovisual institucional
Centre national de l'audiovisuel (CNA),cna-luxembourg,Luxembourg,Europe,LU-CNA,National audiovisual archive,https://cna.public.lu/en.html,True,True,https://cnasearch.public.lu/searchprofiles/run/4/film,CNAsearch,https://cna.kiss.lu/getMedium/616dab3e910b6967096a776a2d9ba344,La Croix Rouge luxembourgeoise,,"Ficha pública CNAsearch no perfil `Philippe Schneider, réalisateur`. | número de objeto: ID2_1205771741544 | natureza: Image animée Support Cassette vidéo Type de son Sonore | fonte de mídia: video/mp4",,La Croix Rouge luxembourgeoise,,"Vida pública, política e história",Arquivo audiovisual institucional
Centre national de l'audiovisuel (CNA),cna-luxembourg,Luxembourg,Europe,LU-CNA,National audiovisual archive,https://cna.public.lu/en.html,True,True,https://cnasearch.public.lu/searchprofiles/run/4/film,CNAsearch,https://cna.kiss.lu/getMedium/616dab3e910b6967096a776a2d9ba344,La Croix Rouge luxembourgeoise,,"Ficha pública CNAsearch no perfil `Philippe Schneider, réalisateur`. | número de objeto: IA_CAS_002705 | natureza: Image animée Support Cassette vidéo Type de son Sonore | fonte de mídia: video/mp4",,La Croix Rouge luxembourgeoise,,"Vida pública, política e história",Arquivo audiovisual institucional
Centre national de l'audiovisuel (CNA),cna-luxembourg,Luxembourg,Europe,LU-CNA,National audiovisual archive,https://cna.public.lu/en.html,True,True,https://cnasearch.public.lu/searchprofiles/run/4/film,CNAsearch,https://cna.kiss.lu/getMedium/150d44fbc99d1e594aaac67196d32774,Le Droit au soleil,Télédiffusion,"Ficha pública CNAsearch no perfil `Philippe Schneider, réalisateur`. | número de objeto: ID2_1182516899103 | natureza: Image animée Support Bobine de film: 35mm film Type de son Sonore | forma: Télédiffusion | fonte de mídia: video/mp4",,Le Droit au soleil,,Programação televisiva e memória da mídia,Arquivo audiovisual institucional
Centre national de l'audiovisuel (CNA),cna-luxembourg,Luxembourg,Europe,LU-CNA,National audiovisual archive,https://cna.public.lu/en.html,True,True,https://cnasearch.public.lu/searchprofiles/run/4/film,CNAsearch,https://cna.kiss.lu/getMedium/150d44fbc99d1e594aaac67196d32774,Le Droit au soleil,,"Ficha pública CNAsearch no perfil `Philippe Schneider, réalisateur`. | número de objeto: IA_CAS_000135 | natureza: Image animée Support Cassette vidéo: Betacam: SP Type de son Sonore | fonte de mídia: video/mp4",,Le Droit au soleil,,Catálogo audiovisual nacional,Arquivo audiovisual institucional
Centre national de l'audiovisuel (CNA),cna-luxembourg,Luxembourg,Europe,LU-CNA,National audiovisual archive,https://cna.public.lu/en.html,True,True,https://cnasearch.public.lu/searchprofiles/run/4/film,CNAsearch,https://cna.kiss.lu/getMedium/d18fac130ee9f74d2c035d491b946467,Le Grand-Duché de Luxembourg (01),Distribution non commerciale,"Ficha pública CNAsearch no perfil `Philippe Schneider, réalisateur`. | número de objeto: ID2_1217442978607 | natureza: Image animée Support Bobine de film: 35mm film | forma: Distribution non commerciale | fonte de mídia: video/mp4",,Le Grand-Duché de Luxembourg (01),,Catálogo audiovisual nacional,Arquivo audiovisual institucional
Centre national de l'audiovisuel (CNA),cna-luxembourg,Luxembourg,Europe,LU-CNA,National audiovisual archive,https://cna.public.lu/en.html,True,True,https://cnasearch.public.lu/searchprofiles/run/4/film,CNAsearch,https://cna.kiss.lu/getMedium/63e43b8a4226d29919d76840f9662f26,Le Lait : l'aliment complet de la nature,Télédiffusion,"Ficha pública CNAsearch no perfil `Philippe Schneider, réalisateur`. | número de objeto: ID2_1223026567493 | natureza: Image animée Support Cassette vidéo: Digital Betacam Type de son Sonore | forma: Télédiffusion | fonte de mídia: video/mp4",,Le Lait : l'aliment complet de la nature,,"Trabalho, indústria e infraestrutura",Arquivo audiovisual institucional
Centre national de l'audiovisuel (CNA),cna-luxembourg,Luxembourg,Europe,LU-CNA,National audiovisual archive,https://cna.public.lu/en.html,True,True,https://cnasearch.public.lu/searchprofiles/run/4/film,CNAsearch,https://cna.kiss.lu/getMedium/63e43b8a4226d29919d76840f9662f26,Le Lait : l'aliment complet de la nature,,"Ficha pública CNAsearch no perfil `Philippe Schneider, réalisateur`. | número de objeto: IA_MAS_000402 | natureza: Image animée Support Cassette vidéo: Digital Betacam Type de son Sonore | fonte de mídia: video/mp4",,Le Lait : l'aliment complet de la nature,,"Trabalho, indústria e infraestrutura",Arquivo audiovisual institucional
Centre national de l'audiovisuel (CNA),cna-luxembourg,Luxembourg,Europe,LU-CNA,National audiovisual archive,https://cna.public.lu/en.html,True,True,https://cnasearch.public.lu/searchprofiles/run/4/film,CNAsearch,https://cna.kiss.lu/getMedium/10563664740bdda60194c47c14a236f7,Le Luxembourg au travail,Télédiffusion,"Ficha pública CNAsearch no perfil `Philippe Schneider, réalisateur`. | número de objeto: ID2_1184144344038 | natureza: Image animée Support Cassette vidéo: Digital Betacam Type de son Sonore | forma: Télédiffusion | fonte de mídia: video/mp4",,Le Luxembourg au travail,,"Trabalho, indústria e infraestrutura",Arquivo audiovisual institucional
Centre national de l'audiovisuel (CNA),cna-luxembourg,Luxembourg,Europe,LU-CNA,National audiovisual archive,https://cna.public.lu/en.html,True,True,https://cnasearch.public.lu/searchprofiles/run/4/film,CNAsearch,https://cna.kiss.lu/getMedium/10563664740bdda60194c47c14a236f7,Le Luxembourg au travail,,"Ficha pública CNAsearch no perfil `Philippe Schneider, réalisateur`. | número de objeto: IA_MAS_000153 | natureza: Image animée Support Cassette vidéo: Digital Betacam Type de son Sonore | fonte de mídia: video/mp4",,Le Luxembourg au travail,,"Trabalho, indústria e infraestrutura",Arquivo audiovisual institucional
Centre national de l'audiovisuel (CNA),cna-luxembourg,Luxembourg,Europe,LU-CNA,National audiovisual archive,https://cna.public.lu/en.html,True,True,https://cnasearch.public.lu/searchprofiles/run/4/film,CNAsearch,https://cna.kiss.lu/getMedium/a195c97767b756bbe382ac5fc7130c84,Le Luxembourg en marche : aéroport de Luxembourg,Télédiffusion,"Ficha pública CNAsearch no perfil `Philippe Schneider, réalisateur`. | número de objeto: ID2_1205770883829 | natureza: Image animée Support Cassette vidéo: Digital Betacam Type de son Sonore | forma: Télédiffusion | fonte de mídia: video/mp4",,Le Luxembourg en marche : aéroport de Luxembourg,,"Trabalho, indústria e infraestrutura",Arquivo audiovisual institucional
Centre national de l'audiovisuel (CNA),cna-luxembourg,Luxembourg,Europe,LU-CNA,National audiovisual archive,https://cna.public.lu/en.html,True,True,https://cnasearch.public.lu/searchprofiles/run/4/film,CNAsearch,https://cna.kiss.lu/getMedium/a195c97767b756bbe382ac5fc7130c84,Le Luxembourg en marche : aéroport de Luxembourg,,"Ficha pública CNAsearch no perfil `Philippe Schneider, réalisateur`. | número de objeto: IA_MAS_000504 | natureza: Image animée Support Cassette vidéo: Digital Betacam Type de son Sonore | fonte de mídia: video/mp4",,Le Luxembourg en marche : aéroport de Luxembourg,,"Trabalho, indústria e infraestrutura",Arquivo audiovisual institucional
Centre national de l'audiovisuel (CNA),cna-luxembourg,Luxembourg,Europe,LU-CNA,National audiovisual archive,https://cna.public.lu/en.html,True,True,https://cnasearch.public.lu/searchprofiles/run/4/film,CNAsearch,https://cna.kiss.lu/getMedium/fda07827cef871bc0fb343d98ea3fe7d,Le Luxembourg et son industrie,Télédiffusion,"Ficha pública CNAsearch no perfil `Philippe Schneider, réalisateur`. | número de objeto: ID2_1205771709065 | natureza: Image animée Support Cassette vidéo: Betacam: SP | forma: Télédiffusion | fonte de mídia: video/mp4",,Le Luxembourg et son industrie,,"Trabalho, indústria e infraestrutura",Arquivo audiovisual institucional
Centre national de l'audiovisuel (CNA),cna-luxembourg,Luxembourg,Europe,LU-CNA,National audiovisual archive,https://cna.public.lu/en.html,True,True,https://cnasearch.public.lu/searchprofiles/run/4/film,CNAsearch,https://cna.kiss.lu/getMedium/fda07827cef871bc0fb343d98ea3fe7d,Le Luxembourg et son industrie,,"Ficha pública CNAsearch no perfil `Philippe Schneider, réalisateur`. | número de objeto: IA_CAS_002682 | natureza: Image animée Support Cassette vidéo: Betacam: SP Type de son Sonore | fonte de mídia: video/mp4",,Le Luxembourg et son industrie,,"Trabalho, indústria e infraestrutura",Arquivo audiovisual institucional
Centre national de l'audiovisuel (CNA),cna-luxembourg,Luxembourg,Europe,LU-CNA,National audiovisual archive,https://cna.public.lu/en.html,True,True,https://cnasearch.public.lu/searchprofiles/run/4/film,CNAsearch,https://cna.kiss.lu/getMedium/2ece55b42a201ff033c2c630affdf1b6,Le Port de Mertert,Télédiffusion,"Ficha pública CNAsearch no perfil `Philippe Schneider, réalisateur`. | número de objeto: ID2_1184144621810 | natureza: Image animée Support Bobine de film: Digital Betacam | forma: Télédiffusion | fonte de mídia: video/mp4",,Le Port de Mertert,,"Trabalho, indústria e infraestrutura",Arquivo audiovisual institucional
Centre national de l'audiovisuel (CNA),cna-luxembourg,Luxembourg,Europe,LU-CNA,National audiovisual archive,https://cna.public.lu/en.html,True,True,https://cnasearch.public.lu/searchprofiles/run/4/film,CNAsearch,https://cna.kiss.lu/getMedium/2ece55b42a201ff033c2c630affdf1b6,Le Port de Mertert,,"Ficha pública CNAsearch no perfil `Philippe Schneider, réalisateur`. | número de objeto: IA_MAS_000127 | natureza: Image animée Support Cassette vidéo: Digital Betacam Type de son Sonore | fonte de mídia: video/mp4",,Le Port de Mertert,,"Trabalho, indústria e infraestrutura",Arquivo audiovisual institucional
Centre national de l'audiovisuel (CNA),cna-luxembourg,Luxembourg,Europe,LU-CNA,National audiovisual archive,https://cna.public.lu/en.html,True,True,https://cnasearch.public.lu/searchprofiles/run/4/film,CNAsearch,https://cna.kiss.lu/getMedium/b94401142380e6c35499e8058e388426,Le Roi Baudouin 1er au Grand-Duché du Luxembourg,Distribution en salles,"Ficha pública CNAsearch no perfil `Philippe Schneider, réalisateur`. | número de objeto: ID2_1242195965610 | natureza: Image animée Support Cassette vidéo: HDCAM | forma: Distribution en salles | fonte de mídia: video/mp4",,Le Roi Baudouin 1er au Grand-Duché du Luxembourg,,"Vida pública, política e história",Arquivo audiovisual institucional
Centre national de l'audiovisuel (CNA),cna-luxembourg,Luxembourg,Europe,LU-CNA,National audiovisual archive,https://cna.public.lu/en.html,True,True,https://cnasearch.public.lu/searchprofiles/run/4/film,CNAsearch,https://cna.kiss.lu/getMedium/b94401142380e6c35499e8058e388426,Le Roi Baudouin 1er au Grand-Duché du Luxembourg,Positif,"Ficha pública CNAsearch no perfil `Philippe Schneider, réalisateur`. | número de objeto: IA_PEL_039678 | natureza: Image animée Support Bobine de film: 35mm film Type de son Sonore | forma: Positif | fonte de mídia: video/mp4",,Le Roi Baudouin 1er au Grand-Duché du Luxembourg,,"Vida pública, política e história",Arquivo audiovisual institucional
Centre national de l'audiovisuel (CNA),cna-luxembourg,Luxembourg,Europe,LU-CNA,National audiovisual archive,https://cna.public.lu/en.html,True,True,https://cnasearch.public.lu/searchprofiles/run/4/film,CNAsearch,https://cna.kiss.lu/getMedium/c2af2ea84d6f6add4b1c5e3347d29148,Le Tour de Luxembourg,,"Ficha pública CNAsearch no perfil `Philippe Schneider, réalisateur`. | número de objeto: IA_MAS_000514 | natureza: Image animée Support Cassette vidéo: Digital Betacam Type de son Sonore | fonte de mídia: video/mp4",,Le Tour de Luxembourg,,Catálogo audiovisual nacional,Arquivo audiovisual institucional
Centre national de l'audiovisuel (CNA),cna-luxembourg,Luxembourg,Europe,LU-CNA,National audiovisual archive,https://cna.public.lu/en.html,True,True,https://cnasearch.public.lu/searchprofiles/run/4/film,CNAsearch,https://cna.kiss.lu/getMedium/c2af2ea84d6f6add4b1c5e3347d29148,"Le Tour de Luxembourg, 1948",Télédiffusion,"Ficha pública CNAsearch no perfil `Philippe Schneider, réalisateur`. | número de objeto: ID2_1205770977057 | natureza: Image animée Support Cassette vidéo: Digital Betacam | forma: Télédiffusion | fonte de mídia: video/mp4",,"Le Tour de Luxembourg, 1948",,Programação televisiva e memória da mídia,Arquivo audiovisual institucional
Centre national de l'audiovisuel (CNA),cna-luxembourg,Luxembourg,Europe,LU-CNA,National audiovisual archive,https://cna.public.lu/en.html,True,True,https://cnasearch.public.lu/searchprofiles/run/4/film,CNAsearch,https://cna.kiss.lu/getMedium/74b0ea348122855b7d7e923df6c051aa,Le Tour du Luxembourg 1946 en 4 étapes,,"Ficha pública CNAsearch no perfil `Philippe Schneider, réalisateur`. | número de objeto: IA_MAS_000517 | natureza: Image animée Support Cassette vidéo: Digital Betacam Type de son Sonore | fonte de mídia: video/mp4",,Le Tour du Luxembourg 1946 en 4 étapes,,Esporte e cultura física,Arquivo audiovisual institucional
Centre national de l'audiovisuel (CNA),cna-luxembourg,Luxembourg,Europe,LU-CNA,National audiovisual archive,https://cna.public.lu/en.html,True,True,https://cnasearch.public.lu/searchprofiles/run/4/film,CNAsearch,https://cna.kiss.lu/getMedium/de8188fc6cebec825f1e7d72c73b0cd2,Le Tour du Luxembourg 1947,,"Ficha pública CNAsearch no perfil `Philippe Schneider, réalisateur`. | número de objeto: IA_MAS_000558 | natureza: Image animée Support Cassette vidéo: Digital Betacam Type de son Sonore | fonte de mídia: video/mp4",,Le Tour du Luxembourg 1947,,Esporte e cultura física,Arquivo audiovisual institucional
Centre national de l'audiovisuel (CNA),cna-luxembourg,Luxembourg,Europe,LU-CNA,National audiovisual archive,https://cna.public.lu/en.html,True,True,https://cnasearch.public.lu/searchprofiles/run/4/film,CNAsearch,https://cna.kiss.lu/getMedium/de8188fc6cebec825f1e7d72c73b0cd2,Le Tour du Luxembourg 1947,Télédiffusion,"Ficha pública CNAsearch no perfil `Philippe Schneider, réalisateur`. | número de objeto: ID2_1205770978882 | natureza: Image animée Support Cassette vidéo: Betacam: SP Type de son Sonore | forma: Télédiffusion | fonte de mídia: video/mp4",,Le Tour du Luxembourg 1947,,Esporte e cultura física,Arquivo audiovisual institucional
Centre national de l'audiovisuel (CNA),cna-luxembourg,Luxembourg,Europe,LU-CNA,National audiovisual archive,https://cna.public.lu/en.html,True,True,https://cnasearch.public.lu/searchprofiles/run/4/film,CNAsearch,https://cna.kiss.lu/getMedium/74b0ea348122855b7d7e923df6c051aa,Le tour du Luxembourg 1946 en 4 étapes / Tour du Luxembourg 1947 / Le 8e tour du Luxembourg,Télédiffusion,"Ficha pública CNAsearch no perfil `Philippe Schneider, réalisateur`. | número de objeto: ID2_1205770978453 | natureza: Image animée Support Cassette vidéo: Betacam: SP | forma: Télédiffusion | fonte de mídia: video/mp4",,Le tour du Luxembourg 1946 en 4 étapes / Tour du Luxembourg 1947 / Le 8e tour du Luxembourg,,Esporte e cultura física,Arquivo audiovisual institucional
Centre national de l'audiovisuel (CNA),cna-luxembourg,Luxembourg,Europe,LU-CNA,National audiovisual archive,https://cna.public.lu/en.html,True,True,https://cnasearch.public.lu/searchprofiles/run/4/film,CNAsearch,https://cna.kiss.lu/getMedium/85eb8467b4692be92e2b39deb3c0e7fe,Luxembourg 1958,,"Ficha pública CNAsearch no perfil `Philippe Schneider, réalisateur`. | número de objeto: IA_CAS_009961 | natureza: Image animée Support Cassette vidéo: Betacam: SP Type de son Sonore | fonte de mídia: video/mp4",,Luxembourg 1958,,Catálogo audiovisual nacional,Arquivo audiovisual institucional
Centre national de l'audiovisuel (CNA),cna-luxembourg,Luxembourg,Europe,LU-CNA,National audiovisual archive,https://cna.public.lu/en.html,True,True,https://cnasearch.public.lu/searchprofiles/run/4/film,CNAsearch,https://cna.kiss.lu/getMedium/e7efe08d3356895b83a6e74ee99b4f19,Luxembourg : ville millénaire 963 - 1963,Télédiffusion,"Ficha pública CNAsearch no perfil `Philippe Schneider, réalisateur`. | número de objeto: ID2_1182516898510 | natureza: Image animée Support Cassette vidéo: Betacam: SP Type de son Sonore | forma: Télédiffusion | fonte de mídia: video/mp4",,Luxembourg : ville millénaire 963 - 1963,,Programação televisiva e memória da mídia,Arquivo audiovisual institucional
Centre national de l'audiovisuel (CNA),cna-luxembourg,Luxembourg,Europe,LU-CNA,National audiovisual archive,https://cna.public.lu/en.html,True,True,https://cnasearch.public.lu/searchprofiles/run/4/film,CNAsearch,https://cna.kiss.lu/getMedium/e7efe08d3356895b83a6e74ee99b4f19,Luxembourg : ville millénaire 963 - 1963,,"Ficha pública CNAsearch no perfil `Philippe Schneider, réalisateur`. | número de objeto: IA_MAS_000017 | natureza: Image animée Support Cassette vidéo: Digital Betacam Type de son Sonore | fonte de mídia: video/mp4",,Luxembourg : ville millénaire 963 - 1963,,"Território, cidade e memória nacional",Arquivo audiovisual institucional
Centre national de l'audiovisuel (CNA),cna-luxembourg,Luxembourg,Europe,LU-CNA,National audiovisual archive,https://cna.public.lu/en.html,True,True,https://cnasearch.public.lu/searchprofiles/run/4/film,CNAsearch,https://cna.kiss.lu/getMedium/0b5ae740fc02fba38b9884d0b8a13298,Pour la liberté,,"Ficha pública CNAsearch no perfil `Philippe Schneider, réalisateur`. | número de objeto: IA_CAS_000353 | natureza: Image animée Support Cassette vidéo: Digital Betacam Type de son Sonore | fonte de mídia: video/mp4",,Pour la liberté,,"Vida pública, política e história",Arquivo audiovisual institucional
Centre national de l'audiovisuel (CNA),cna-luxembourg,Luxembourg,Europe,LU-CNA,National audiovisual archive,https://cna.public.lu/en.html,True,True,https://cnasearch.public.lu/searchprofiles/run/4/film,CNAsearch,https://cna.kiss.lu/getMedium/d7de7cdf5c209eae4f5276d9d9fcd963,Promenade au Luxembourg,Pré-diffusion,"Ficha pública CNAsearch no perfil `Philippe Schneider, réalisateur`. | número de objeto: ID2_1217443009357 | natureza: Image animée Support Bobine de film: Digital Betacam | forma: Pré-diffusion | fonte de mídia: video/mp4",,Promenade au Luxembourg,,"Território, cidade e memória nacional",Arquivo audiovisual institucional
Centre national de l'audiovisuel (CNA),cna-luxembourg,Luxembourg,Europe,LU-CNA,National audiovisual archive,https://cna.public.lu/en.html,True,True,https://cnasearch.public.lu/searchprofiles/run/4/film,CNAsearch,https://cna.kiss.lu/getMedium/d7de7cdf5c209eae4f5276d9d9fcd963,Promenade au Luxembourg,,"Ficha pública CNAsearch no perfil `Philippe Schneider, réalisateur`. | número de objeto: IA_MAS_001072 | natureza: Image animée Support Cassette vidéo: Digital Betacam Type de son Sonore | fonte de mídia: video/mp4",,Promenade au Luxembourg,,"Território, cidade e memória nacional",Arquivo audiovisual institucional
Centre national de l'audiovisuel (CNA),cna-luxembourg,Luxembourg,Europe,LU-CNA,National audiovisual archive,https://cna.public.lu/en.html,True,True,https://cnasearch.public.lu/searchprofiles/run/4/film,CNAsearch,https://cnasearch.public.lu/Details/film/150139147,Regards sur le passé,Télédiffusion,"Ficha pública CNAsearch no perfil `Philippe Schneider, réalisateur`. | número de objeto: ID2_1217442993127 | natureza: Image animée Support Cassette vidéo: Digital Betacam | forma: Télédiffusion",,Regards sur le passé,,Programação televisiva e memória da mídia,Arquivo audiovisual institucional
Centre national de l'audiovisuel (CNA),cna-luxembourg,Luxembourg,Europe,LU-CNA,National audiovisual archive,https://cna.public.lu/en.html,True,True,https://cnasearch.public.lu/searchprofiles/run/4/film,CNAsearch,https://axiell-ais-prod.gouv.etat.lu/webapi/wwwopac.ashx?command=getcontent&server=images&value=AV015929.mp4,Regards sur le passé : fabrication de champagne à Luxembourg 1904,,"Ficha pública CNAsearch no perfil `Philippe Schneider, réalisateur`. | número de objeto: IA_MAS_000534 | natureza: Image animée Support Cassette vidéo: Digital Betacam Type de son Sonore | fonte de mídia: video/mp4",,Regards sur le passé : fabrication de champagne à Luxembourg 1904,,"Trabalho, indústria e infraestrutura",Arquivo audiovisual institucional
Centre national de l'audiovisuel (CNA),cna-luxembourg,Luxembourg,Europe,LU-CNA,National audiovisual archive,https://cna.public.lu/en.html,True,True,https://cnasearch.public.lu/searchprofiles/run/4/film,CNAsearch,https://cna.kiss.lu/getMedium/684d39d3f375237c764160fa5b174c89,Rencontre pour la paix,Positif,"Ficha pública CNAsearch no perfil `Philippe Schneider, réalisateur`. | número de objeto: IA_PEL_032453 | natureza: Image animée Support Bobine de film: 16mm film Type de son Sonore | forma: Positif | fonte de mídia: video/mp4",,Rencontre pour la paix,,Catálogo audiovisual nacional,Arquivo audiovisual institucional
Centre national de l'audiovisuel (CNA),cna-luxembourg,Luxembourg,Europe,LU-CNA,National audiovisual archive,https://cna.public.lu/en.html,True,True,https://cnasearch.public.lu/searchprofiles/run/4/film,CNAsearch,https://cna.kiss.lu/getMedium/684d39d3f375237c764160fa5b174c89,Rencontre pour la paix c/3,Distribution non commerciale,"Ficha pública CNAsearch no perfil `Philippe Schneider, réalisateur`. | número de objeto: ID2_1205771299829 | natureza: Image animée Support Bobine de film: 16mm film | forma: Distribution non commerciale | fonte de mídia: video/mp4",,Rencontre pour la paix c/3,,Catálogo audiovisual nacional,Arquivo audiovisual institucional
Centre national de l'audiovisuel (CNA),cna-luxembourg,Luxembourg,Europe,LU-CNA,National audiovisual archive,https://cna.public.lu/en.html,True,True,https://cnasearch.public.lu/searchprofiles/run/4/film,CNAsearch,https://cna.kiss.lu/getMedium/4dde4d06f544d8b96fceae3d9ae4e66f,Un Beau petit pays,Télédiffusion,"Ficha pública CNAsearch no perfil `Philippe Schneider, réalisateur`. | número de objeto: ID2_1338360697529 | natureza: Image animée Support Cassette vidéo: Digital Betacam Type de son Sonore | forma: Télédiffusion | fonte de mídia: video/mp4",,Un Beau petit pays,,Programação televisiva e memória da mídia,Arquivo audiovisual institucional
Centre national de l'audiovisuel (CNA),cna-luxembourg,Luxembourg,Europe,LU-CNA,National audiovisual archive,https://cna.public.lu/en.html,True,True,https://cnasearch.public.lu/searchprofiles/run/4/film,CNAsearch,https://cna.kiss.lu/getMedium/4dde4d06f544d8b96fceae3d9ae4e66f,Un Beau petit pays,,"Ficha pública CNAsearch no perfil `Philippe Schneider, réalisateur`. | número de objeto: IA_MAS_000047 | natureza: Image animée Support Cassette vidéo: Digital Betacam Type de son Sonore | fonte de mídia: video/mp4",,Un Beau petit pays,,Catálogo audiovisual nacional,Arquivo audiovisual institucional
