institution,slug,country,continent,repository_code,archive_type,csc_cineteca_detail_url,content_available_in_source,website_available,partner_site,platform,video_link,video_title,video_subject,video_description,video_published_at
Fondazione Centro Sperimentale di Cinematografia - Cineteca Nazionale,fondazione-centro-sperimentale-di-cinematografia-cineteca-nazionale,Italy,Europe,IT-CSC-CINETECA,National film archive with public video catalog,https://www.fondazionecsc.it/cineteca-nazionale/,True,True,https://www.fondazionecsc.it/video-cineteca/,Vimeo,https://vimeo.com/508351237,"Alberto Crespi e Giorgio Gosetti presentano la mostra su Monicelli alla Casa del Cinema, curata dal Centro Sperimentale",Catalogo video della Cineteca Nazionale; cinema; patrimônio fílmico,"Ficha pública do Catalogo video da Cineteca Nazionale/CSC. | Alberto Crespi e Giorgio Gosetti presentano la mostra su Monicelli alla Casa del Cinema, curata dal Centro Sperimentale SHARE | player público: https://vimeo.com/508351237",2021-02-12
Fondazione Centro Sperimentale di Cinematografia - Cineteca Nazionale,fondazione-centro-sperimentale-di-cinematografia-cineteca-nazionale,Italy,Europe,IT-CSC-CINETECA,National film archive with public video catalog,https://www.fondazionecsc.it/cineteca-nazionale/,True,True,https://www.fondazionecsc.it/video-cineteca/,Vimeo,https://vimeo.com/509807804,"Uno mattina: Alberto Anile, Conservatore della Cineteca Nazionale, parla di Cinecensura",Catalogo video della Cineteca Nazionale; cinema; patrimônio fílmico,"Ficha pública do Catalogo video da Cineteca Nazionale/CSC. | Uno mattina: Alberto Anile, Conservatore della Cineteca Nazionale, parla di Cinecensura SHARE | player público: https://vimeo.com/509807804",2021-02-08
Fondazione Centro Sperimentale di Cinematografia - Cineteca Nazionale,fondazione-centro-sperimentale-di-cinematografia-cineteca-nazionale,Italy,Europe,IT-CSC-CINETECA,National film archive with public video catalog,https://www.fondazionecsc.it/cineteca-nazionale/,True,True,https://www.fondazionecsc.it/video-cineteca/,YouTube,https://www.youtube.com/watch?v=Jn0bWvYmzvs,Effetto notte 2023. Intervista a Francesca Calvelli,Catalogo video della Cineteca Nazionale; cinema; patrimônio fílmico,Ficha pública do Catalogo video da Cineteca Nazionale/CSC. | Effetto notte 2023. Intervista a Francesca Calvelli SHARE | player público: https://www.youtube.com/watch?v=Jn0bWvYmzvs,2023-08-02
Fondazione Centro Sperimentale di Cinematografia - Cineteca Nazionale,fondazione-centro-sperimentale-di-cinematografia-cineteca-nazionale,Italy,Europe,IT-CSC-CINETECA,National film archive with public video catalog,https://www.fondazionecsc.it/cineteca-nazionale/,True,True,https://www.fondazionecsc.it/video-cineteca/,YouTube,https://www.youtube.com/watch?v=fXkw7xE1woM,Effetto notte 2023. Intervista a Roberto Perpignani,Catalogo video della Cineteca Nazionale; cinema; patrimônio fílmico,Ficha pública do Catalogo video da Cineteca Nazionale/CSC. | Effetto notte 2023. Intervista a Roberto Perpignani SHARE | player público: https://www.youtube.com/watch?v=fXkw7xE1woM,2023-08-02
Fondazione Centro Sperimentale di Cinematografia - Cineteca Nazionale,fondazione-centro-sperimentale-di-cinematografia-cineteca-nazionale,Italy,Europe,IT-CSC-CINETECA,National film archive with public video catalog,https://www.fondazionecsc.it/cineteca-nazionale/,True,True,https://www.fondazionecsc.it/video-cineteca/,YouTube,https://www.youtube.com/watch?v=V6tdxf4g1Fk,Effetto notte 2023. Intervista a Walter Fasano,Catalogo video della Cineteca Nazionale; cinema; patrimônio fílmico,Ficha pública do Catalogo video da Cineteca Nazionale/CSC. | Effetto notte 2023. Intervista a Walter Fasano SHARE | player público: https://www.youtube.com/watch?v=V6tdxf4g1Fk,2023-08-02
Fondazione Centro Sperimentale di Cinematografia - Cineteca Nazionale,fondazione-centro-sperimentale-di-cinematografia-cineteca-nazionale,Italy,Europe,IT-CSC-CINETECA,National film archive with public video catalog,https://www.fondazionecsc.it/cineteca-nazionale/,True,True,https://www.fondazionecsc.it/video-cineteca/,YouTube,https://www.youtube.com/watch?v=0_mJZY7S66k,Effetto notte 2023. Intervista a Cristiano Travaglioli,Catalogo video della Cineteca Nazionale; cinema; patrimônio fílmico,Ficha pública do Catalogo video da Cineteca Nazionale/CSC. | Effetto notte 2023. Intervista a Cristiano Travaglioli SHARE | player público: https://www.youtube.com/watch?v=0_mJZY7S66k,2023-07-28
Fondazione Centro Sperimentale di Cinematografia - Cineteca Nazionale,fondazione-centro-sperimentale-di-cinematografia-cineteca-nazionale,Italy,Europe,IT-CSC-CINETECA,National film archive with public video catalog,https://www.fondazionecsc.it/cineteca-nazionale/,True,True,https://www.fondazionecsc.it/video-cineteca/,YouTube,https://www.youtube.com/watch?v=yX9GZ4zzvcw,Effetto notte 2023. Intervista a Marco Spoletini,Catalogo video della Cineteca Nazionale; cinema; patrimônio fílmico,Ficha pública do Catalogo video da Cineteca Nazionale/CSC. | Effetto notte 2023. Intervista a Marco Spoletini SHARE | player público: https://www.youtube.com/watch?v=yX9GZ4zzvcw,2023-07-28
Fondazione Centro Sperimentale di Cinematografia - Cineteca Nazionale,fondazione-centro-sperimentale-di-cinematografia-cineteca-nazionale,Italy,Europe,IT-CSC-CINETECA,National film archive with public video catalog,https://www.fondazionecsc.it/cineteca-nazionale/,True,True,https://www.fondazionecsc.it/video-cineteca/,YouTube,https://www.youtube.com/watch?v=N4s5HvFbbzo,Effetto notte 2023. Intervista a Stefano Cravero,Catalogo video della Cineteca Nazionale; cinema; patrimônio fílmico,Ficha pública do Catalogo video da Cineteca Nazionale/CSC. | Effetto notte 2023. Intervista a Stefano Cravero SHARE | player público: https://www.youtube.com/watch?v=N4s5HvFbbzo,2023-07-27
Fondazione Centro Sperimentale di Cinematografia - Cineteca Nazionale,fondazione-centro-sperimentale-di-cinematografia-cineteca-nazionale,Italy,Europe,IT-CSC-CINETECA,National film archive with public video catalog,https://www.fondazionecsc.it/cineteca-nazionale/,True,True,https://www.fondazionecsc.it/video-cineteca/,YouTube,https://www.youtube.com/watch?v=x_BObAH0H0A,In ricordo di Citto Maselli riproponiamo l'intervista video a cura di Alfredo Baldi e Stefano Landini,Catalogo video della Cineteca Nazionale; cinema; patrimônio fílmico,Ficha pública do Catalogo video da Cineteca Nazionale/CSC. | In ricordo di Citto Maselli riproponiamo l’intervista video a cura di Alfredo Baldi e Stefano Landini SHARE | player público: https://www.youtube.com/watch?v=x_BObAH0H0A,2023-03-21
Fondazione Centro Sperimentale di Cinematografia - Cineteca Nazionale,fondazione-centro-sperimentale-di-cinematografia-cineteca-nazionale,Italy,Europe,IT-CSC-CINETECA,National film archive with public video catalog,https://www.fondazionecsc.it/cineteca-nazionale/,True,True,https://www.fondazionecsc.it/video-cineteca/,YouTube,https://www.youtube.com/watch?v=O3WNMUI51t4,"Intervista a Renato Scarpa, Santa Croce in Gerusalemme, Roma, 2018",Catalogo video della Cineteca Nazionale; cinema; patrimônio fílmico,"Ficha pública do Catalogo video da Cineteca Nazionale/CSC. | Intervista a Renato Scarpa, Santa Croce in Gerusalemme, Roma, 2018 SHARE | player público: https://www.youtube.com/watch?v=O3WNMUI51t4",2021-12-31
Fondazione Centro Sperimentale di Cinematografia - Cineteca Nazionale,fondazione-centro-sperimentale-di-cinematografia-cineteca-nazionale,Italy,Europe,IT-CSC-CINETECA,National film archive with public video catalog,https://www.fondazionecsc.it/cineteca-nazionale/,True,True,https://www.fondazionecsc.it/video-cineteca/,YouTube,https://www.youtube.com/watch?v=EEr3yFWEcKY,"Intervista di TV7 a Marta Donzelli, presidente CSC, e Cristiana Capotondi, membro del CdA sulla parità di genere nel cinema, 1 maggio 2021",Catalogo video della Cineteca Nazionale; cinema; patrimônio fílmico,"Ficha pública do Catalogo video da Cineteca Nazionale/CSC. | Intervista di TV7 a Marta Donzelli, presidente CSC, e Cristiana Capotondi, membro del CdA sulla parità di genere nel cinema, 1 maggio 2021 SHARE | player público: https://www.youtube.com/watch?v=EEr3yFWEcKY",2021-05-03
Fondazione Centro Sperimentale di Cinematografia - Cineteca Nazionale,fondazione-centro-sperimentale-di-cinematografia-cineteca-nazionale,Italy,Europe,IT-CSC-CINETECA,National film archive with public video catalog,https://www.fondazionecsc.it/cineteca-nazionale/,True,True,https://www.fondazionecsc.it/video-cineteca/,YouTube,https://www.youtube.com/watch?v=wtjHcEvxE-o,"Presentazione del numero 599 di “Bianco e Nero”, dedicato a Mariangela Melato. Presenta Felice Laudadio con Anna Melato, Lidia Ravera, Renzo Arbore, Giancarlo Giannini",Catalogo video della Cineteca Nazionale; cinema; patrimônio fílmico,"Ficha pública do Catalogo video da Cineteca Nazionale/CSC. | Presentazione del numero 599 di “Bianco e Nero”, dedicato a Mariangela Melato. Presenta Felice Laudadio con Anna Melato, Lidia Ravera, Renzo Arbore, Giancarlo Giannini SHARE | player público: https://www.youtube.com/watch?v=wtjHcEvxE-o",2021-04-20
Fondazione Centro Sperimentale di Cinematografia - Cineteca Nazionale,fondazione-centro-sperimentale-di-cinematografia-cineteca-nazionale,Italy,Europe,IT-CSC-CINETECA,National film archive with public video catalog,https://www.fondazionecsc.it/cineteca-nazionale/,True,True,https://www.fondazionecsc.it/video-cineteca/,YouTube,https://www.youtube.com/watch?v=siBmGGNdecE,"Il CSC - Archivio Nazionale Cinema Impresa festeggia la giornata dedicata a Dante Alighieri, il 25 marzo, con la messa on line dello spettacolo ""Il Paradiso. Perché mi vinse il lume d'esta stella"" (Federico Tiezzi, 1992)",Catalogo video della Cineteca Nazionale; cinema; patrimônio fílmico,"Ficha pública do Catalogo video da Cineteca Nazionale/CSC. | Il CSC – Archivio Nazionale Cinema Impresa festeggia la giornata dedicata a Dante Alighieri, il 25 marzo, con la messa on line dello spettacolo “Il Paradiso. Perché mi vinse il lume d’esta stella” (Federico Tiezzi, 1992) SHARE | player público: https://www.youtube.com/watch?v=siBmGGNdecE",2021-03-25
Fondazione Centro Sperimentale di Cinematografia - Cineteca Nazionale,fondazione-centro-sperimentale-di-cinematografia-cineteca-nazionale,Italy,Europe,IT-CSC-CINETECA,National film archive with public video catalog,https://www.fondazionecsc.it/cineteca-nazionale/,True,True,https://www.fondazionecsc.it/video-cineteca/,YouTube,https://www.youtube.com/watch?v=LmS4zfHdobQ,"Ancora in occasione della serie di video proposti per la mostra su Monicelli alla Casa del Cinema, oggi rivediamo il Maestro in una presentazione del 2005, proprio alla Casa del Cinema",Catalogo video della Cineteca Nazionale; cinema; patrimônio fílmico,"Ficha pública do Catalogo video da Cineteca Nazionale/CSC. | Ancora in occasione della serie di video proposti per la mostra su Monicelli alla Casa del Cinema, oggi rivediamo il Maestro in una presentazione del 2005, proprio alla Casa del Cinema SHARE | player público: https://www.youtube.com/watch?v=LmS4zfHdobQ",2021-03-19
Fondazione Centro Sperimentale di Cinematografia - Cineteca Nazionale,fondazione-centro-sperimentale-di-cinematografia-cineteca-nazionale,Italy,Europe,IT-CSC-CINETECA,National film archive with public video catalog,https://www.fondazionecsc.it/cineteca-nazionale/,True,True,https://www.fondazionecsc.it/video-cineteca/,YouTube,https://www.youtube.com/watch?v=aOuvOKWVGBk,"Per la serie di video sulla mostra dedicata a Mario Monicelli alla Casa del Cinema, Franco Montini, introdotto da Alberto Crespi, ci parla di ""Parenti Serpenti"" e ""Guardie e ladri""",Catalogo video della Cineteca Nazionale; cinema; patrimônio fílmico,"Ficha pública do Catalogo video da Cineteca Nazionale/CSC. | Per la serie di video sulla mostra dedicata a Mario Monicelli alla Casa del Cinema, Franco Montini, introdotto da Alberto Crespi, ci parla di “Parenti Serpenti” e “Guardie e ladri” SHARE | player público: https://www.youtube.com/watch?v=aOuvOKWVGBk",2021-03-12
Fondazione Centro Sperimentale di Cinematografia - Cineteca Nazionale,fondazione-centro-sperimentale-di-cinematografia-cineteca-nazionale,Italy,Europe,IT-CSC-CINETECA,National film archive with public video catalog,https://www.fondazionecsc.it/cineteca-nazionale/,True,True,https://www.fondazionecsc.it/video-cineteca/,YouTube,https://www.youtube.com/watch?v=dmND-xXgOP8,"Per la nostra serie di video sulla mostra dedicata a Mario Monicelli presso la Casa del Cinema, e in occasione della Festa della Donna, Alberto Crespi e Giorgio Gosetti ci parlano de ""La ragazza con la pistola""",Catalogo video della Cineteca Nazionale; cinema; patrimônio fílmico,"Ficha pública do Catalogo video da Cineteca Nazionale/CSC. | Per la nostra serie di video sulla mostra dedicata a Mario Monicelli presso la Casa del Cinema, e in occasione della Festa della Donna, Alberto Crespi e Giorgio Gosetti ci parlano de “La ragazza con la pistola” SHARE | player público: https://www.youtube.com/watch?v=dmND-xXgOP8",2021-03-05
Fondazione Centro Sperimentale di Cinematografia - Cineteca Nazionale,fondazione-centro-sperimentale-di-cinematografia-cineteca-nazionale,Italy,Europe,IT-CSC-CINETECA,National film archive with public video catalog,https://www.fondazionecsc.it/cineteca-nazionale/,True,True,https://www.fondazionecsc.it/video-cineteca/,YouTube,https://www.youtube.com/watch?v=CqiYtkn58-w,"Per la nostra serie di illustri commenti alla mostra dedicata a Monicelli, qui Giorgio Gosetti e Alberto Crespi ci parlano de La Grande Guerra",Catalogo video della Cineteca Nazionale; cinema; patrimônio fílmico,"Ficha pública do Catalogo video da Cineteca Nazionale/CSC. | Per la nostra serie di illustri commenti alla mostra dedicata a Monicelli, qui Giorgio Gosetti e Alberto Crespi ci parlano de La Grande Guerra SHARE | player público: https://www.youtube.com/watch?v=CqiYtkn58-w",2021-03-01
Fondazione Centro Sperimentale di Cinematografia - Cineteca Nazionale,fondazione-centro-sperimentale-di-cinematografia-cineteca-nazionale,Italy,Europe,IT-CSC-CINETECA,National film archive with public video catalog,https://www.fondazionecsc.it/cineteca-nazionale/,True,True,https://www.fondazionecsc.it/video-cineteca/,YouTube,https://www.youtube.com/watch?v=0EcuEHBClpc,"Presentazione on line della riedizione di ""Cinecittà anni Trenta"" di Francesco Savio",Catalogo video della Cineteca Nazionale; cinema; patrimônio fílmico,Ficha pública do Catalogo video da Cineteca Nazionale/CSC. | Presentazione on line della riedizione di “Cinecittà anni Trenta” di Francesco Savio SHARE | player público: https://www.youtube.com/watch?v=0EcuEHBClpc,2021-03-01
Fondazione Centro Sperimentale di Cinematografia - Cineteca Nazionale,fondazione-centro-sperimentale-di-cinematografia-cineteca-nazionale,Italy,Europe,IT-CSC-CINETECA,National film archive with public video catalog,https://www.fondazionecsc.it/cineteca-nazionale/,True,True,https://www.fondazionecsc.it/video-cineteca/,YouTube,https://www.youtube.com/watch?v=6pESeJpocJs,"Servizio su Cinecensura del Tg2, nella Rubrica Weekend (27 febbraio 2021)",Catalogo video della Cineteca Nazionale; cinema; patrimônio fílmico,"Ficha pública do Catalogo video da Cineteca Nazionale/CSC. | Servizio su Cinecensura del Tg2, nella Rubrica Weekend (27 febbraio 2021) SHARE | player público: https://www.youtube.com/watch?v=6pESeJpocJs",2021-03-01
Fondazione Centro Sperimentale di Cinematografia - Cineteca Nazionale,fondazione-centro-sperimentale-di-cinematografia-cineteca-nazionale,Italy,Europe,IT-CSC-CINETECA,National film archive with public video catalog,https://www.fondazionecsc.it/cineteca-nazionale/,True,True,https://www.fondazionecsc.it/video-cineteca/,YouTube,https://www.youtube.com/watch?v=Eowy2Uhhbcg,Enrico Vanzina commenta la mostra su Monicelli alla Casa del Cinema,Catalogo video della Cineteca Nazionale; cinema; patrimônio fílmico,Ficha pública do Catalogo video da Cineteca Nazionale/CSC. | Enrico Vanzina commenta la mostra su Monicelli alla Casa del Cinema SHARE | player público: https://www.youtube.com/watch?v=Eowy2Uhhbcg,2021-02-22
Fondazione Centro Sperimentale di Cinematografia - Cineteca Nazionale,fondazione-centro-sperimentale-di-cinematografia-cineteca-nazionale,Italy,Europe,IT-CSC-CINETECA,National film archive with public video catalog,https://www.fondazionecsc.it/cineteca-nazionale/,True,True,https://www.fondazionecsc.it/video-cineteca/,YouTube,https://www.youtube.com/watch?v=9U6F4yZ_5Ic,Da lunedì 15 febbraio si può visitare in presenza la mostra dedicata a Monicelli!,Catalogo video della Cineteca Nazionale; cinema; patrimônio fílmico,Ficha pública do Catalogo video da Cineteca Nazionale/CSC. | Da lunedì 15 febbraio si può visitare in presenza la mostra dedicata a Monicelli! SHARE | player público: https://www.youtube.com/watch?v=9U6F4yZ_5Ic,2021-02-12
Fondazione Centro Sperimentale di Cinematografia - Cineteca Nazionale,fondazione-centro-sperimentale-di-cinematografia-cineteca-nazionale,Italy,Europe,IT-CSC-CINETECA,National film archive with public video catalog,https://www.fondazionecsc.it/cineteca-nazionale/,True,True,https://www.fondazionecsc.it/video-cineteca/,YouTube,https://www.youtube.com/watch?v=jbbw76S15gM,"Archivio Della Memoria Ritratti Italiani #15 ""L'architettura della luce. Incontro con Giuseppe Rotunno"", intervista a cura di Sergio Toffetti",Catalogo video della Cineteca Nazionale; cinema; patrimônio fílmico,"Ficha pública do Catalogo video da Cineteca Nazionale/CSC. | Archivio Della Memoria Ritratti Italiani #15 “L’architettura della luce. Incontro con Giuseppe Rotunno”, intervista a cura di Sergio Toffetti SHARE | player público: https://www.youtube.com/watch?v=jbbw76S15gM",2021-02-08
Fondazione Centro Sperimentale di Cinematografia - Cineteca Nazionale,fondazione-centro-sperimentale-di-cinematografia-cineteca-nazionale,Italy,Europe,IT-CSC-CINETECA,National film archive with public video catalog,https://www.fondazionecsc.it/cineteca-nazionale/,True,True,https://www.fondazionecsc.it/video-cineteca/,YouTube,https://www.youtube.com/watch?v=577esxdSEpM,"Ricordiamo con un abbraccio il maestro Peppino Rotunno, colonna portante del CSC, con questa intervista realizzata da Alfredo Baldi",Catalogo video della Cineteca Nazionale; cinema; patrimônio fílmico,"Ficha pública do Catalogo video da Cineteca Nazionale/CSC. | Ricordiamo con un abbraccio il maestro Peppino Rotunno, colonna portante del CSC, con questa intervista realizzata da Alfredo Baldi SHARE | player público: https://www.youtube.com/watch?v=577esxdSEpM",2021-02-07
Fondazione Centro Sperimentale di Cinematografia - Cineteca Nazionale,fondazione-centro-sperimentale-di-cinematografia-cineteca-nazionale,Italy,Europe,IT-CSC-CINETECA,National film archive with public video catalog,https://www.fondazionecsc.it/cineteca-nazionale/,True,True,https://www.fondazionecsc.it/video-cineteca/,YouTube,https://www.youtube.com/watch?v=xhGQaxoLkYA,"""Color sacro"", storia di ""Mater Dei"", primo film italiano a colori, e del suo restauro",Catalogo video della Cineteca Nazionale; cinema; patrimônio fílmico,"Ficha pública do Catalogo video da Cineteca Nazionale/CSC. | “Color sacro”, storia di “Mater Dei”, primo film italiano a colori, e del suo restauro SHARE | player público: https://www.youtube.com/watch?v=xhGQaxoLkYA",2021-01-18
Fondazione Centro Sperimentale di Cinematografia - Cineteca Nazionale,fondazione-centro-sperimentale-di-cinematografia-cineteca-nazionale,Italy,Europe,IT-CSC-CINETECA,National film archive with public video catalog,https://www.fondazionecsc.it/cineteca-nazionale/,True,True,https://www.fondazionecsc.it/video-cineteca/,YouTube,https://www.youtube.com/watch?v=4nDRDWabuUs,"Il CSC alla Casa del Cinema. Il meglio dei ""Lunedì della Cineteca Nazionale""",Catalogo video della Cineteca Nazionale; cinema; patrimônio fílmico,Ficha pública do Catalogo video da Cineteca Nazionale/CSC. | Il CSC alla Casa del Cinema. Il meglio dei “Lunedì della Cineteca Nazionale” SHARE | player público: https://www.youtube.com/watch?v=4nDRDWabuUs,2021-01-05
Fondazione Centro Sperimentale di Cinematografia - Cineteca Nazionale,fondazione-centro-sperimentale-di-cinematografia-cineteca-nazionale,Italy,Europe,IT-CSC-CINETECA,National film archive with public video catalog,https://www.fondazionecsc.it/cineteca-nazionale/,True,True,https://www.fondazionecsc.it/video-cineteca/,YouTube,https://www.youtube.com/watch?v=bs1FiGz2ozM,"Continua la collaborazione tra la Casa del Cinema di Roma e il Centro Sperimentale di Cinematografia. Oggi, in video, Bernardo Bertolucci",Catalogo video della Cineteca Nazionale; cinema; patrimônio fílmico,"Ficha pública do Catalogo video da Cineteca Nazionale/CSC. | Continua la collaborazione tra la Casa del Cinema di Roma e il Centro Sperimentale di Cinematografia. Oggi, in video, Bernardo Bertolucci SHARE | player público: https://www.youtube.com/watch?v=bs1FiGz2ozM",2020-12-14
Fondazione Centro Sperimentale di Cinematografia - Cineteca Nazionale,fondazione-centro-sperimentale-di-cinematografia-cineteca-nazionale,Italy,Europe,IT-CSC-CINETECA,National film archive with public video catalog,https://www.fondazionecsc.it/cineteca-nazionale/,True,True,https://www.fondazionecsc.it/video-cineteca/,YouTube,https://www.youtube.com/watch?v=ZyqtcNpg3rw,"Presentazione del nuovo numero di Bianco e Nero dedicato a Cinema e Covid. Casa del cinema 30 novembre 2020, diretta streaming",Catalogo video della Cineteca Nazionale; cinema; patrimônio fílmico,"Ficha pública do Catalogo video da Cineteca Nazionale/CSC. | Presentazione del nuovo numero di Bianco e Nero dedicato a Cinema e Covid. Casa del cinema 30 novembre 2020, diretta streaming SHARE | player público: https://www.youtube.com/watch?v=ZyqtcNpg3rw",2020-12-02
Fondazione Centro Sperimentale di Cinematografia - Cineteca Nazionale,fondazione-centro-sperimentale-di-cinematografia-cineteca-nazionale,Italy,Europe,IT-CSC-CINETECA,National film archive with public video catalog,https://www.fondazionecsc.it/cineteca-nazionale/,True,True,https://www.fondazionecsc.it/video-cineteca/,YouTube,https://www.youtube.com/watch?v=_0RcOV-_gpg,Giuliano Montaldo racconta Carlo Lizzani,Catalogo video della Cineteca Nazionale; cinema; patrimônio fílmico,Ficha pública do Catalogo video da Cineteca Nazionale/CSC. | Giuliano Montaldo racconta Carlo Lizzani SHARE | player público: https://www.youtube.com/watch?v=_0RcOV-_gpg,2020-11-23
Fondazione Centro Sperimentale di Cinematografia - Cineteca Nazionale,fondazione-centro-sperimentale-di-cinematografia-cineteca-nazionale,Italy,Europe,IT-CSC-CINETECA,National film archive with public video catalog,https://www.fondazionecsc.it/cineteca-nazionale/,True,True,https://www.fondazionecsc.it/video-cineteca/,YouTube,https://www.youtube.com/watch?v=Gk9F-YAMcJo,Anita Bartolucci ricorda Romolo Valli,Catalogo video della Cineteca Nazionale; cinema; patrimônio fílmico,Ficha pública do Catalogo video da Cineteca Nazionale/CSC. | Anita Bartolucci ricorda Romolo Valli SHARE | player público: https://www.youtube.com/watch?v=Gk9F-YAMcJo,2020-11-16
Fondazione Centro Sperimentale di Cinematografia - Cineteca Nazionale,fondazione-centro-sperimentale-di-cinematografia-cineteca-nazionale,Italy,Europe,IT-CSC-CINETECA,National film archive with public video catalog,https://www.fondazionecsc.it/cineteca-nazionale/,True,True,https://www.fondazionecsc.it/video-cineteca/,YouTube,https://www.youtube.com/watch?v=F4Fyf1Nls0Q,Anna Maria Guarnieri ricorda Romolo Valli,Catalogo video della Cineteca Nazionale; cinema; patrimônio fílmico,Ficha pública do Catalogo video da Cineteca Nazionale/CSC. | Anna Maria Guarnieri ricorda Romolo Valli SHARE | player público: https://www.youtube.com/watch?v=F4Fyf1Nls0Q,2020-11-16
Fondazione Centro Sperimentale di Cinematografia - Cineteca Nazionale,fondazione-centro-sperimentale-di-cinematografia-cineteca-nazionale,Italy,Europe,IT-CSC-CINETECA,National film archive with public video catalog,https://www.fondazionecsc.it/cineteca-nazionale/,True,True,https://www.fondazionecsc.it/video-cineteca/,YouTube,https://www.youtube.com/watch?v=61TpuP8yJoo,Dino Trappetti ricorda Romolo Valli,Catalogo video della Cineteca Nazionale; cinema; patrimônio fílmico,Ficha pública do Catalogo video da Cineteca Nazionale/CSC. | Dino Trappetti ricorda Romolo Valli SHARE | player público: https://www.youtube.com/watch?v=61TpuP8yJoo,2020-11-16
Fondazione Centro Sperimentale di Cinematografia - Cineteca Nazionale,fondazione-centro-sperimentale-di-cinematografia-cineteca-nazionale,Italy,Europe,IT-CSC-CINETECA,National film archive with public video catalog,https://www.fondazionecsc.it/cineteca-nazionale/,True,True,https://www.fondazionecsc.it/video-cineteca/,YouTube,https://www.youtube.com/watch?v=IZ0GKuCfosg,Gabriele Tozzi ricorda Romolo Valli,Catalogo video della Cineteca Nazionale; cinema; patrimônio fílmico,Ficha pública do Catalogo video da Cineteca Nazionale/CSC. | Gabriele Tozzi ricorda Romolo Valli SHARE | player público: https://www.youtube.com/watch?v=IZ0GKuCfosg,2020-11-16
Fondazione Centro Sperimentale di Cinematografia - Cineteca Nazionale,fondazione-centro-sperimentale-di-cinematografia-cineteca-nazionale,Italy,Europe,IT-CSC-CINETECA,National film archive with public video catalog,https://www.fondazionecsc.it/cineteca-nazionale/,True,True,https://www.fondazionecsc.it/video-cineteca/,YouTube,https://www.youtube.com/watch?v=c8vdsaD9lvw,Gianna Giachetti ricorda Romolo Valli,Catalogo video della Cineteca Nazionale; cinema; patrimônio fílmico,Ficha pública do Catalogo video da Cineteca Nazionale/CSC. | Gianna Giachetti ricorda Romolo Valli SHARE | player público: https://www.youtube.com/watch?v=c8vdsaD9lvw,2020-11-16
Fondazione Centro Sperimentale di Cinematografia - Cineteca Nazionale,fondazione-centro-sperimentale-di-cinematografia-cineteca-nazionale,Italy,Europe,IT-CSC-CINETECA,National film archive with public video catalog,https://www.fondazionecsc.it/cineteca-nazionale/,True,True,https://www.fondazionecsc.it/video-cineteca/,YouTube,https://www.youtube.com/watch?v=yFYE6BuHZKk,Giorgio Treves ricorda Romolo Valli,Catalogo video della Cineteca Nazionale; cinema; patrimônio fílmico,Ficha pública do Catalogo video da Cineteca Nazionale/CSC. | Giorgio Treves ricorda Romolo Valli SHARE | player público: https://www.youtube.com/watch?v=yFYE6BuHZKk,2020-11-16
Fondazione Centro Sperimentale di Cinematografia - Cineteca Nazionale,fondazione-centro-sperimentale-di-cinematografia-cineteca-nazionale,Italy,Europe,IT-CSC-CINETECA,National film archive with public video catalog,https://www.fondazionecsc.it/cineteca-nazionale/,True,True,https://www.fondazionecsc.it/video-cineteca/,YouTube,https://www.youtube.com/watch?v=AB1vpMQn6WA,Giulia Lazzarini ricorda Romolo Valli,Catalogo video della Cineteca Nazionale; cinema; patrimônio fílmico,Ficha pública do Catalogo video da Cineteca Nazionale/CSC. | Giulia Lazzarini ricorda Romolo Valli SHARE | player público: https://www.youtube.com/watch?v=AB1vpMQn6WA,2020-11-16
Fondazione Centro Sperimentale di Cinematografia - Cineteca Nazionale,fondazione-centro-sperimentale-di-cinematografia-cineteca-nazionale,Italy,Europe,IT-CSC-CINETECA,National film archive with public video catalog,https://www.fondazionecsc.it/cineteca-nazionale/,True,True,https://www.fondazionecsc.it/video-cineteca/,YouTube,https://www.youtube.com/watch?v=dI2bv0JsLiY,Paolo Valli ricorda Romolo Valli,Catalogo video della Cineteca Nazionale; cinema; patrimônio fílmico,Ficha pública do Catalogo video da Cineteca Nazionale/CSC. | Paolo Valli ricorda Romolo Valli SHARE | player público: https://www.youtube.com/watch?v=dI2bv0JsLiY,2020-11-16
Fondazione Centro Sperimentale di Cinematografia - Cineteca Nazionale,fondazione-centro-sperimentale-di-cinematografia-cineteca-nazionale,Italy,Europe,IT-CSC-CINETECA,National film archive with public video catalog,https://www.fondazionecsc.it/cineteca-nazionale/,True,True,https://www.fondazionecsc.it/video-cineteca/,YouTube,https://www.youtube.com/watch?v=8r_Lhec35y0,"La Cineteca Nazionale celebra la Giornata Mondiale per il Patrimonio Audiovisivo con i suoi due ultimi restauri, ""Padre padrone"" e ""In nome della legge""",Catalogo video della Cineteca Nazionale; cinema; patrimônio fílmico,"Ficha pública do Catalogo video da Cineteca Nazionale/CSC. | La Cineteca Nazionale celebra la Giornata Mondiale per il Patrimonio Audiovisivo con i suoi due ultimi restauri, “Padre padrone” e “In nome della legge” SHARE | player público: https://www.youtube.com/watch?v=8r_Lhec35y0",2020-10-27
Fondazione Centro Sperimentale di Cinematografia - Cineteca Nazionale,fondazione-centro-sperimentale-di-cinematografia-cineteca-nazionale,Italy,Europe,IT-CSC-CINETECA,National film archive with public video catalog,https://www.fondazionecsc.it/cineteca-nazionale/,True,True,https://www.fondazionecsc.it/video-cineteca/,YouTube,https://www.youtube.com/watch?v=IZHiPiXJLE0,"La Cineteca Nazionale celebra la Giornata Mondiale per il Patrimonio Audiovisivo con i suoi due ultimi restauri, ""Padre padrone"" e ""In nome della legge""",Catalogo video della Cineteca Nazionale; cinema; patrimônio fílmico,"Ficha pública do Catalogo video da Cineteca Nazionale/CSC. | La Cineteca Nazionale celebra la Giornata Mondiale per il Patrimonio Audiovisivo con i suoi due ultimi restauri, “Padre padrone” e “In nome della legge” SHARE | player público: https://www.youtube.com/watch?v=IZHiPiXJLE0",2020-10-27
Fondazione Centro Sperimentale di Cinematografia - Cineteca Nazionale,fondazione-centro-sperimentale-di-cinematografia-cineteca-nazionale,Italy,Europe,IT-CSC-CINETECA,National film archive with public video catalog,https://www.fondazionecsc.it/cineteca-nazionale/,True,True,https://www.fondazionecsc.it/video-cineteca/,YouTube,https://www.youtube.com/watch?v=lWjqYgPWetI,"Il trailer del film “Glauber, Claro” dell’ex allievo del CSC César Meneghetti (2020)",Catalogo video della Cineteca Nazionale; cinema; patrimônio fílmico,"Ficha pública do Catalogo video da Cineteca Nazionale/CSC. | Il trailer del film “Glauber, Claro” dell’ex allievo del CSC César Meneghetti (2020) SHARE | player público: https://www.youtube.com/watch?v=lWjqYgPWetI",2020-10-22
Fondazione Centro Sperimentale di Cinematografia - Cineteca Nazionale,fondazione-centro-sperimentale-di-cinematografia-cineteca-nazionale,Italy,Europe,IT-CSC-CINETECA,National film archive with public video catalog,https://www.fondazionecsc.it/cineteca-nazionale/,True,True,https://www.fondazionecsc.it/video-cineteca/,YouTube,https://www.youtube.com/watch?v=DwUUWCL0KME,"La presentazione alla casa del Cinema dei numeri di ""Bianco e nero"" dedicati a Monicelli e Lizzani",Catalogo video della Cineteca Nazionale; cinema; patrimônio fílmico,Ficha pública do Catalogo video da Cineteca Nazionale/CSC. | La presentazione alla casa del Cinema dei numeri di “Bianco e nero” dedicati a Monicelli e Lizzani SHARE | player público: https://www.youtube.com/watch?v=DwUUWCL0KME,2020-10-07
Fondazione Centro Sperimentale di Cinematografia - Cineteca Nazionale,fondazione-centro-sperimentale-di-cinematografia-cineteca-nazionale,Italy,Europe,IT-CSC-CINETECA,National film archive with public video catalog,https://www.fondazionecsc.it/cineteca-nazionale/,True,True,https://www.fondazionecsc.it/video-cineteca/,YouTube,https://www.youtube.com/watch?v=PIE2PSDhE0A,Ritratti e Autoritratti - il libro di Felice Laudadio presentato alla Casa del Cinema,Catalogo video della Cineteca Nazionale; cinema; patrimônio fílmico,Ficha pública do Catalogo video da Cineteca Nazionale/CSC. | Ritratti e Autoritratti – il libro di Felice Laudadio presentato alla Casa del Cinema SHARE | player público: https://www.youtube.com/watch?v=PIE2PSDhE0A,2020-10-05
Fondazione Centro Sperimentale di Cinematografia - Cineteca Nazionale,fondazione-centro-sperimentale-di-cinematografia-cineteca-nazionale,Italy,Europe,IT-CSC-CINETECA,National film archive with public video catalog,https://www.fondazionecsc.it/cineteca-nazionale/,True,True,https://www.fondazionecsc.it/video-cineteca/,YouTube,https://www.youtube.com/watch?v=hqsToUCzrEg,"Presentato alla Casa del Cinema il libro ""Alberto Sordi"" edito da CSC ed Edizioni Sabinae",Catalogo video della Cineteca Nazionale; cinema; patrimônio fílmico,Ficha pública do Catalogo video da Cineteca Nazionale/CSC. | Presentato alla Casa del Cinema il libro “Alberto Sordi” edito da CSC ed Edizioni Sabinae SHARE | player público: https://www.youtube.com/watch?v=hqsToUCzrEg,2020-07-29
Fondazione Centro Sperimentale di Cinematografia - Cineteca Nazionale,fondazione-centro-sperimentale-di-cinematografia-cineteca-nazionale,Italy,Europe,IT-CSC-CINETECA,National film archive with public video catalog,https://www.fondazionecsc.it/cineteca-nazionale/,True,True,https://www.fondazionecsc.it/video-cineteca/,YouTube,https://www.youtube.com/watch?v=tcw0TOk70Es,Massimo Cantini Parrini a Santa Croce in Gerusalemme,Catalogo video della Cineteca Nazionale; cinema; patrimônio fílmico,Ficha pública do Catalogo video da Cineteca Nazionale/CSC. | Massimo Cantini Parrini a Santa Croce in Gerusalemme SHARE | player público: https://www.youtube.com/watch?v=tcw0TOk70Es,2020-07-16
Fondazione Centro Sperimentale di Cinematografia - Cineteca Nazionale,fondazione-centro-sperimentale-di-cinematografia-cineteca-nazionale,Italy,Europe,IT-CSC-CINETECA,National film archive with public video catalog,https://www.fondazionecsc.it/cineteca-nazionale/,True,True,https://www.fondazionecsc.it/video-cineteca/,YouTube,https://www.youtube.com/watch?v=lYWvY6i0My4,20 Dicembre 2015: il CSC premia Ennio Morricone,Catalogo video della Cineteca Nazionale; cinema; patrimônio fílmico,Ficha pública do Catalogo video da Cineteca Nazionale/CSC. | 20 Dicembre 2015: il CSC premia Ennio Morricone SHARE | player público: https://www.youtube.com/watch?v=lYWvY6i0My4,2020-07-06
Fondazione Centro Sperimentale di Cinematografia - Cineteca Nazionale,fondazione-centro-sperimentale-di-cinematografia-cineteca-nazionale,Italy,Europe,IT-CSC-CINETECA,National film archive with public video catalog,https://www.fondazionecsc.it/cineteca-nazionale/,True,True,https://www.fondazionecsc.it/video-cineteca/,YouTube,https://www.youtube.com/watch?v=-HTuuSHA0Ck,Cinema Trevi 2017. Felice Laudadio consegna a Ennio Morricone il premio Cicognini,Catalogo video della Cineteca Nazionale; cinema; patrimônio fílmico,Ficha pública do Catalogo video da Cineteca Nazionale/CSC. | Cinema Trevi 2017. Felice Laudadio consegna a Ennio Morricone il premio Cicognini SHARE | player público: https://www.youtube.com/watch?v=-HTuuSHA0Ck,2020-07-06
Fondazione Centro Sperimentale di Cinematografia - Cineteca Nazionale,fondazione-centro-sperimentale-di-cinematografia-cineteca-nazionale,Italy,Europe,IT-CSC-CINETECA,National film archive with public video catalog,https://www.fondazionecsc.it/cineteca-nazionale/,True,True,https://www.fondazionecsc.it/video-cineteca/,YouTube,https://www.youtube.com/watch?v=b_hOCKXduys,In occasione degli 80 anni di Vittorio Storaro pubblichiamo queste sue riflessioni sul restauro cinematografico,Catalogo video della Cineteca Nazionale; cinema; patrimônio fílmico,Ficha pública do Catalogo video da Cineteca Nazionale/CSC. | In occasione degli 80 anni di Vittorio Storaro pubblichiamo queste sue riflessioni sul restauro cinematografico SHARE | player público: https://www.youtube.com/watch?v=b_hOCKXduys,2020-06-24
Fondazione Centro Sperimentale di Cinematografia - Cineteca Nazionale,fondazione-centro-sperimentale-di-cinematografia-cineteca-nazionale,Italy,Europe,IT-CSC-CINETECA,National film archive with public video catalog,https://www.fondazionecsc.it/cineteca-nazionale/,True,True,https://www.fondazionecsc.it/video-cineteca/,YouTube,https://www.youtube.com/watch?v=rY_hY3HbDZ8,"In ricordo di Amedeo Nazzari, a quarant’anni dalla scomparsa, proponiamo un'intervista alla figlia Evelina Nazzari",Catalogo video della Cineteca Nazionale; cinema; patrimônio fílmico,"Ficha pública do Catalogo video da Cineteca Nazionale/CSC. | In ricordo di Amedeo Nazzari, a quarant’anni dalla scomparsa, proponiamo un’intervista alla figlia Evelina Nazzari SHARE | player público: https://www.youtube.com/watch?v=rY_hY3HbDZ8",2020-06-22
Fondazione Centro Sperimentale di Cinematografia - Cineteca Nazionale,fondazione-centro-sperimentale-di-cinematografia-cineteca-nazionale,Italy,Europe,IT-CSC-CINETECA,National film archive with public video catalog,https://www.fondazionecsc.it/cineteca-nazionale/,True,True,https://www.fondazionecsc.it/video-cineteca/,YouTube,https://www.youtube.com/watch?v=aByWAVV9yLU,Giancarlo Giannini e il CSC,Catalogo video della Cineteca Nazionale; cinema; patrimônio fílmico,Ficha pública do Catalogo video da Cineteca Nazionale/CSC. | Giancarlo Giannini e il CSC SHARE | player público: https://www.youtube.com/watch?v=aByWAVV9yLU,2020-06-08
Fondazione Centro Sperimentale di Cinematografia - Cineteca Nazionale,fondazione-centro-sperimentale-di-cinematografia-cineteca-nazionale,Italy,Europe,IT-CSC-CINETECA,National film archive with public video catalog,https://www.fondazionecsc.it/cineteca-nazionale/,True,True,https://www.fondazionecsc.it/video-cineteca/,YouTube,https://www.youtube.com/watch?v=-UFb3jLTlvE,"In occasione del trionfo ai David di Donatello de Il traditore di Marco Bellocchio, vi riproponiamo l'incontro con il regista (ex allievo CSC!) svoltosi all'Istituto Ferrari di Roma il 30 gennaio 2020",Catalogo video della Cineteca Nazionale; cinema; patrimônio fílmico,"Ficha pública do Catalogo video da Cineteca Nazionale/CSC. | In occasione del trionfo ai David di Donatello de Il traditore di Marco Bellocchio, vi riproponiamo l’incontro con il regista (ex allievo CSC!) svoltosi all’Istituto Ferrari di Roma il 30 gennaio 2020 SHARE | player público: https://www.youtube.com/watch?v=-UFb3jLTlvE",2020-05-12
Fondazione Centro Sperimentale di Cinematografia - Cineteca Nazionale,fondazione-centro-sperimentale-di-cinematografia-cineteca-nazionale,Italy,Europe,IT-CSC-CINETECA,National film archive with public video catalog,https://www.fondazionecsc.it/cineteca-nazionale/,True,True,https://www.fondazionecsc.it/video-cineteca/,YouTube,https://www.youtube.com/watch?v=3xqf_w9u_P0,"In occasione del trionfo de ""Il traditore"" ai David di Donatello 2020 riproponiamo il conferimento del diploma honoris causa del CSC a Pierfrancesco Favino",Catalogo video della Cineteca Nazionale; cinema; patrimônio fílmico,Ficha pública do Catalogo video da Cineteca Nazionale/CSC. | In occasione del trionfo de “Il traditore” ai David di Donatello 2020 riproponiamo il conferimento del diploma honoris causa del CSC a Pierfrancesco Favino SHARE | player público: https://www.youtube.com/watch?v=3xqf_w9u_P0,2020-05-09
Fondazione Centro Sperimentale di Cinematografia - Cineteca Nazionale,fondazione-centro-sperimentale-di-cinematografia-cineteca-nazionale,Italy,Europe,IT-CSC-CINETECA,National film archive with public video catalog,https://www.fondazionecsc.it/cineteca-nazionale/,True,True,https://www.fondazionecsc.it/video-cineteca/,YouTube,https://www.youtube.com/watch?v=FIPUUwoEcqI,"In occasione del trionfo de ""Il traditore"" ai David di Donatello 2020 riproponiamo uno scambio tra Bellocchio e Camilleri sui tempi di scuola al centro",Catalogo video della Cineteca Nazionale; cinema; patrimônio fílmico,Ficha pública do Catalogo video da Cineteca Nazionale/CSC. | In occasione del trionfo de “Il traditore” ai David di Donatello 2020 riproponiamo uno scambio tra Bellocchio e Camilleri sui tempi di scuola al centro SHARE | player público: https://www.youtube.com/watch?v=FIPUUwoEcqI,2020-05-09
Fondazione Centro Sperimentale di Cinematografia - Cineteca Nazionale,fondazione-centro-sperimentale-di-cinematografia-cineteca-nazionale,Italy,Europe,IT-CSC-CINETECA,National film archive with public video catalog,https://www.fondazionecsc.it/cineteca-nazionale/,True,True,https://www.fondazionecsc.it/video-cineteca/,YouTube,https://www.youtube.com/watch?v=no9HnD-rNO0,"CSC e Jazz alla Casa del Cinema: ""Cocktail Bar-Storie Jazz di Roma, di Note, di Amori"". Film e musica dal vivo",Catalogo video della Cineteca Nazionale; cinema; patrimônio fílmico,"Ficha pública do Catalogo video da Cineteca Nazionale/CSC. | CSC e Jazz alla Casa del Cinema: “Cocktail Bar-Storie Jazz di Roma, di Note, di Amori”. Film e musica dal vivo SHARE | player público: https://www.youtube.com/watch?v=no9HnD-rNO0",2020-05-04
Fondazione Centro Sperimentale di Cinematografia - Cineteca Nazionale,fondazione-centro-sperimentale-di-cinematografia-cineteca-nazionale,Italy,Europe,IT-CSC-CINETECA,National film archive with public video catalog,https://www.fondazionecsc.it/cineteca-nazionale/,True,True,https://www.fondazionecsc.it/video-cineteca/,YouTube,https://www.youtube.com/watch?v=A4maB6aQmlA,Fausto Brizzi e Gianni Zanasi alla Casa del Cinema,Catalogo video della Cineteca Nazionale; cinema; patrimônio fílmico,Ficha pública do Catalogo video da Cineteca Nazionale/CSC. | Fausto Brizzi e Gianni Zanasi alla Casa del Cinema SHARE | player público: https://www.youtube.com/watch?v=A4maB6aQmlA,2020-05-04
Fondazione Centro Sperimentale di Cinematografia - Cineteca Nazionale,fondazione-centro-sperimentale-di-cinematografia-cineteca-nazionale,Italy,Europe,IT-CSC-CINETECA,National film archive with public video catalog,https://www.fondazionecsc.it/cineteca-nazionale/,True,True,https://www.fondazionecsc.it/video-cineteca/,YouTube,https://www.youtube.com/watch?v=gfg36OcIwfA,Intervista a Roberto Perpignani,Catalogo video della Cineteca Nazionale; cinema; patrimônio fílmico,Ficha pública do Catalogo video da Cineteca Nazionale/CSC. | Intervista a Roberto Perpignani SHARE | player público: https://www.youtube.com/watch?v=gfg36OcIwfA,2020-05-04
Fondazione Centro Sperimentale di Cinematografia - Cineteca Nazionale,fondazione-centro-sperimentale-di-cinematografia-cineteca-nazionale,Italy,Europe,IT-CSC-CINETECA,National film archive with public video catalog,https://www.fondazionecsc.it/cineteca-nazionale/,True,True,https://www.fondazionecsc.it/video-cineteca/,YouTube,https://www.youtube.com/watch?v=ckR67ROF4GQ,Maurizio Forestieri: l'eccellenza italiana nel Cinema di Animazione inizia dal CSC,Catalogo video della Cineteca Nazionale; cinema; patrimônio fílmico,Ficha pública do Catalogo video da Cineteca Nazionale/CSC. | Maurizio Forestieri: l’eccellenza italiana nel Cinema di Animazione inizia dal CSC SHARE | player público: https://www.youtube.com/watch?v=ckR67ROF4GQ,2020-05-04
Fondazione Centro Sperimentale di Cinematografia - Cineteca Nazionale,fondazione-centro-sperimentale-di-cinematografia-cineteca-nazionale,Italy,Europe,IT-CSC-CINETECA,National film archive with public video catalog,https://www.fondazionecsc.it/cineteca-nazionale/,True,True,https://www.fondazionecsc.it/video-cineteca/,YouTube,https://www.youtube.com/watch?v=AXYabSXNJ9w,"Ci ha lasciati il regista Claudio Risi. In suo ricordo qui un suo incontro al cinema Trevi nel 2015, insieme al fratello Marco",Catalogo video della Cineteca Nazionale; cinema; patrimônio fílmico,"Ficha pública do Catalogo video da Cineteca Nazionale/CSC. | Ci ha lasciati il regista Claudio Risi. In suo ricordo qui un suo incontro al cinema Trevi nel 2015, insieme al fratello Marco SHARE | player público: https://www.youtube.com/watch?v=AXYabSXNJ9w",2020-04-27
Fondazione Centro Sperimentale di Cinematografia - Cineteca Nazionale,fondazione-centro-sperimentale-di-cinematografia-cineteca-nazionale,Italy,Europe,IT-CSC-CINETECA,National film archive with public video catalog,https://www.fondazionecsc.it/cineteca-nazionale/,True,True,https://www.fondazionecsc.it/video-cineteca/,YouTube,https://www.youtube.com/watch?v=ipzbxN-i_rg,"Beppe Lanci: al Centro Sperimentale, prima o poi, si torna",Catalogo video della Cineteca Nazionale; cinema; patrimônio fílmico,"Ficha pública do Catalogo video da Cineteca Nazionale/CSC. | Beppe Lanci: al Centro Sperimentale, prima o poi, si torna SHARE | player público: https://www.youtube.com/watch?v=ipzbxN-i_rg",2020-04-24
Fondazione Centro Sperimentale di Cinematografia - Cineteca Nazionale,fondazione-centro-sperimentale-di-cinematografia-cineteca-nazionale,Italy,Europe,IT-CSC-CINETECA,National film archive with public video catalog,https://www.fondazionecsc.it/cineteca-nazionale/,True,True,https://www.fondazionecsc.it/video-cineteca/,YouTube,https://www.youtube.com/watch?v=A8tsQ7-H2ZM,"Intervista ad Andrea Cavalletto, David di Donatello per il costume, ex allievo del grande Piero Tosi al CSC",Catalogo video della Cineteca Nazionale; cinema; patrimônio fílmico,"Ficha pública do Catalogo video da Cineteca Nazionale/CSC. | Intervista ad Andrea Cavalletto, David di Donatello per il costume, ex allievo del grande Piero Tosi al CSC SHARE | player público: https://www.youtube.com/watch?v=A8tsQ7-H2ZM",2020-04-22
Fondazione Centro Sperimentale di Cinematografia - Cineteca Nazionale,fondazione-centro-sperimentale-di-cinematografia-cineteca-nazionale,Italy,Europe,IT-CSC-CINETECA,National film archive with public video catalog,https://www.fondazionecsc.it/cineteca-nazionale/,True,True,https://www.fondazionecsc.it/video-cineteca/,YouTube,https://www.youtube.com/watch?v=aAJocyybeVQ,DIRETTA WEB DALLA CASA DEL CINEMA: Presentazione del Portale del cinema muto,Catalogo video della Cineteca Nazionale; cinema; patrimônio fílmico,Ficha pública do Catalogo video da Cineteca Nazionale/CSC. | DIRETTA WEB DALLA CASA DEL CINEMA: Presentazione del Portale del cinema muto SHARE | player público: https://www.youtube.com/watch?v=aAJocyybeVQ,2020-04-20
Fondazione Centro Sperimentale di Cinematografia - Cineteca Nazionale,fondazione-centro-sperimentale-di-cinematografia-cineteca-nazionale,Italy,Europe,IT-CSC-CINETECA,National film archive with public video catalog,https://www.fondazionecsc.it/cineteca-nazionale/,True,True,https://www.fondazionecsc.it/video-cineteca/,YouTube,https://www.youtube.com/watch?v=4q1NNLWCtNo,"Francesca Amitrano, autrice della fotografia, racconta il suo CSC",Catalogo video della Cineteca Nazionale; cinema; patrimônio fílmico,"Ficha pública do Catalogo video da Cineteca Nazionale/CSC. | Francesca Amitrano, autrice della fotografia, racconta il suo CSC SHARE | player público: https://www.youtube.com/watch?v=4q1NNLWCtNo",2020-04-20
Fondazione Centro Sperimentale di Cinematografia - Cineteca Nazionale,fondazione-centro-sperimentale-di-cinematografia-cineteca-nazionale,Italy,Europe,IT-CSC-CINETECA,National film archive with public video catalog,https://www.fondazionecsc.it/cineteca-nazionale/,True,True,https://www.fondazionecsc.it/video-cineteca/,YouTube,https://www.youtube.com/watch?v=WIiMl-W-Plk,"Maurizio Nichetti: attore, pubblicitario, direttore artistico della Sede Lombardia del CSC",Catalogo video della Cineteca Nazionale; cinema; patrimônio fílmico,"Ficha pública do Catalogo video da Cineteca Nazionale/CSC. | Maurizio Nichetti: attore, pubblicitario, direttore artistico della Sede Lombardia del CSC SHARE | player público: https://www.youtube.com/watch?v=WIiMl-W-Plk",2020-04-16
Fondazione Centro Sperimentale di Cinematografia - Cineteca Nazionale,fondazione-centro-sperimentale-di-cinematografia-cineteca-nazionale,Italy,Europe,IT-CSC-CINETECA,National film archive with public video catalog,https://www.fondazionecsc.it/cineteca-nazionale/,True,True,https://www.fondazionecsc.it/video-cineteca/,YouTube,https://www.youtube.com/watch?v=HKV9v9gqpc8,Daniele Luchetti e il CSC,Catalogo video della Cineteca Nazionale; cinema; patrimônio fílmico,Ficha pública do Catalogo video da Cineteca Nazionale/CSC. | Daniele Luchetti e il CSC SHARE | player público: https://www.youtube.com/watch?v=HKV9v9gqpc8,2020-04-15
Fondazione Centro Sperimentale di Cinematografia - Cineteca Nazionale,fondazione-centro-sperimentale-di-cinematografia-cineteca-nazionale,Italy,Europe,IT-CSC-CINETECA,National film archive with public video catalog,https://www.fondazionecsc.it/cineteca-nazionale/,True,True,https://www.fondazionecsc.it/video-cineteca/,YouTube,https://www.youtube.com/watch?v=4QqCBby92Rw,"Incontro con Mario Monicelli, Suso Cecchi D'Amico, Francesco Rosi e Gillo Pontecorvo (2004)",Catalogo video della Cineteca Nazionale; cinema; patrimônio fílmico,"Ficha pública do Catalogo video da Cineteca Nazionale/CSC. | Incontro con Mario Monicelli, Suso Cecchi D’Amico, Francesco Rosi e Gillo Pontecorvo (2004) SHARE | player público: https://www.youtube.com/watch?v=4QqCBby92Rw",2020-04-15
Fondazione Centro Sperimentale di Cinematografia - Cineteca Nazionale,fondazione-centro-sperimentale-di-cinematografia-cineteca-nazionale,Italy,Europe,IT-CSC-CINETECA,National film archive with public video catalog,https://www.fondazionecsc.it/cineteca-nazionale/,True,True,https://www.fondazionecsc.it/video-cineteca/,YouTube,https://www.youtube.com/watch?v=MM9h88NwQZA,"Melania Mazzucco: pagine di cinema, pagine di narrativa, partendo dal Centro Sperimentale",Catalogo video della Cineteca Nazionale; cinema; patrimônio fílmico,"Ficha pública do Catalogo video da Cineteca Nazionale/CSC. | Melania Mazzucco: pagine di cinema, pagine di narrativa, partendo dal Centro Sperimentale SHARE | player público: https://www.youtube.com/watch?v=MM9h88NwQZA",2020-04-15
Fondazione Centro Sperimentale di Cinematografia - Cineteca Nazionale,fondazione-centro-sperimentale-di-cinematografia-cineteca-nazionale,Italy,Europe,IT-CSC-CINETECA,National film archive with public video catalog,https://www.fondazionecsc.it/cineteca-nazionale/,True,True,https://www.fondazionecsc.it/video-cineteca/,YouTube,https://www.youtube.com/watch?v=-MelGbZJQDQ,"Nicola Giuliano: io, il CSC e Sorrentino",Catalogo video della Cineteca Nazionale; cinema; patrimônio fílmico,"Ficha pública do Catalogo video da Cineteca Nazionale/CSC. | Nicola Giuliano: io, il CSC e Sorrentino SHARE | player público: https://www.youtube.com/watch?v=-MelGbZJQDQ",2020-04-15
Fondazione Centro Sperimentale di Cinematografia - Cineteca Nazionale,fondazione-centro-sperimentale-di-cinematografia-cineteca-nazionale,Italy,Europe,IT-CSC-CINETECA,National film archive with public video catalog,https://www.fondazionecsc.it/cineteca-nazionale/,True,True,https://www.fondazionecsc.it/video-cineteca/,YouTube,https://www.youtube.com/watch?v=E5Ezht1Czpk,Susanna Tamaro: dal CSC alla narrativa italiana,Catalogo video della Cineteca Nazionale; cinema; patrimônio fílmico,Ficha pública do Catalogo video da Cineteca Nazionale/CSC. | Susanna Tamaro: dal CSC alla narrativa italiana SHARE | player público: https://www.youtube.com/watch?v=E5Ezht1Czpk,2020-04-15
Fondazione Centro Sperimentale di Cinematografia - Cineteca Nazionale,fondazione-centro-sperimentale-di-cinematografia-cineteca-nazionale,Italy,Europe,IT-CSC-CINETECA,National film archive with public video catalog,https://www.fondazionecsc.it/cineteca-nazionale/,True,True,https://www.fondazionecsc.it/video-cineteca/,YouTube,https://www.youtube.com/watch?v=0b_R_ecKzAc,Umberto Lenzi: dal CSC a Tarantino,Catalogo video della Cineteca Nazionale; cinema; patrimônio fílmico,Ficha pública do Catalogo video da Cineteca Nazionale/CSC. | Umberto Lenzi: dal CSC a Tarantino SHARE | player público: https://www.youtube.com/watch?v=0b_R_ecKzAc,2020-04-15
Fondazione Centro Sperimentale di Cinematografia - Cineteca Nazionale,fondazione-centro-sperimentale-di-cinematografia-cineteca-nazionale,Italy,Europe,IT-CSC-CINETECA,National film archive with public video catalog,https://www.fondazionecsc.it/cineteca-nazionale/,True,True,https://www.fondazionecsc.it/video-cineteca/,YouTube,https://www.youtube.com/watch?v=JnT7OHXf_KU,"Fernando Birri: io, il Cinema, la rivoluzione",Catalogo video della Cineteca Nazionale; cinema; patrimônio fílmico,"Ficha pública do Catalogo video da Cineteca Nazionale/CSC. | Fernando Birri: io, il Cinema, la rivoluzione SHARE | player público: https://www.youtube.com/watch?v=JnT7OHXf_KU",2020-04-02
Fondazione Centro Sperimentale di Cinematografia - Cineteca Nazionale,fondazione-centro-sperimentale-di-cinematografia-cineteca-nazionale,Italy,Europe,IT-CSC-CINETECA,National film archive with public video catalog,https://www.fondazionecsc.it/cineteca-nazionale/,True,True,https://www.fondazionecsc.it/video-cineteca/,YouTube,https://www.youtube.com/watch?v=h96XX49uVrs,"Alberto Anile, Felice Laudadio, Walter Veltroni e Carlo Verdone presentano ""Sordi segreto""",Catalogo video della Cineteca Nazionale; cinema; patrimônio fílmico,"Ficha pública do Catalogo video da Cineteca Nazionale/CSC. | Alberto Anile, Felice Laudadio, Walter Veltroni e Carlo Verdone presentano “Sordi segreto” SHARE | player público: https://www.youtube.com/watch?v=h96XX49uVrs",2020-03-31
Fondazione Centro Sperimentale di Cinematografia - Cineteca Nazionale,fondazione-centro-sperimentale-di-cinematografia-cineteca-nazionale,Italy,Europe,IT-CSC-CINETECA,National film archive with public video catalog,https://www.fondazionecsc.it/cineteca-nazionale/,True,True,https://www.fondazionecsc.it/video-cineteca/,YouTube,https://www.youtube.com/watch?v=DQ-PsqfHoZw&t=245s,"Intervista a Carlo Verdone per ""Buon compleanno CSC""",Catalogo video della Cineteca Nazionale; cinema; patrimônio fílmico,Ficha pública do Catalogo video da Cineteca Nazionale/CSC. | Intervista a Carlo Verdone per “Buon compleanno CSC” SHARE | player público: https://www.youtube.com/watch?v=DQ-PsqfHoZw&t=245s,2020-03-31
Fondazione Centro Sperimentale di Cinematografia - Cineteca Nazionale,fondazione-centro-sperimentale-di-cinematografia-cineteca-nazionale,Italy,Europe,IT-CSC-CINETECA,National film archive with public video catalog,https://www.fondazionecsc.it/cineteca-nazionale/,True,True,https://www.fondazionecsc.it/video-cineteca/,YouTube,https://www.youtube.com/watch?v=hlRk6CfygYA,"Ennio Morricone incontra gli allievi del CSC, masterclass 1988",Catalogo video della Cineteca Nazionale; cinema; patrimônio fílmico,"Ficha pública do Catalogo video da Cineteca Nazionale/CSC. | Ennio Morricone incontra gli allievi del CSC, masterclass 1988 SHARE | player público: https://www.youtube.com/watch?v=hlRk6CfygYA",2020-03-24
Fondazione Centro Sperimentale di Cinematografia - Cineteca Nazionale,fondazione-centro-sperimentale-di-cinematografia-cineteca-nazionale,Italy,Europe,IT-CSC-CINETECA,National film archive with public video catalog,https://www.fondazionecsc.it/cineteca-nazionale/,True,True,https://www.fondazionecsc.it/video-cineteca/,YouTube,https://www.youtube.com/watch?v=cIVS9LYC_p0,Gillo Pontecorvo incontra gli allievi del CSC (1988),Catalogo video della Cineteca Nazionale; cinema; patrimônio fílmico,Ficha pública do Catalogo video da Cineteca Nazionale/CSC. | Gillo Pontecorvo incontra gli allievi del CSC (1988) SHARE | player público: https://www.youtube.com/watch?v=cIVS9LYC_p0,2020-03-23
Fondazione Centro Sperimentale di Cinematografia - Cineteca Nazionale,fondazione-centro-sperimentale-di-cinematografia-cineteca-nazionale,Italy,Europe,IT-CSC-CINETECA,National film archive with public video catalog,https://www.fondazionecsc.it/cineteca-nazionale/,True,True,https://www.fondazionecsc.it/video-cineteca/,YouTube,https://www.youtube.com/watch?v=2FjwpgV5ceQ,Nino Baragli incontra gli allievi del CSC (1988),Catalogo video della Cineteca Nazionale; cinema; patrimônio fílmico,Ficha pública do Catalogo video da Cineteca Nazionale/CSC. | Nino Baragli incontra gli allievi del CSC (1988) SHARE | player público: https://www.youtube.com/watch?v=2FjwpgV5ceQ,2020-03-23
Fondazione Centro Sperimentale di Cinematografia - Cineteca Nazionale,fondazione-centro-sperimentale-di-cinematografia-cineteca-nazionale,Italy,Europe,IT-CSC-CINETECA,National film archive with public video catalog,https://www.fondazionecsc.it/cineteca-nazionale/,True,True,https://www.fondazionecsc.it/video-cineteca/,YouTube,https://www.youtube.com/watch?v=DOVH9Rb7hhE,Sergio Leone incontra gli allievi del CSC (1988),Catalogo video della Cineteca Nazionale; cinema; patrimônio fílmico,Ficha pública do Catalogo video da Cineteca Nazionale/CSC. | Sergio Leone incontra gli allievi del CSC (1988) SHARE | player público: https://www.youtube.com/watch?v=DOVH9Rb7hhE,2020-03-23
Fondazione Centro Sperimentale di Cinematografia - Cineteca Nazionale,fondazione-centro-sperimentale-di-cinematografia-cineteca-nazionale,Italy,Europe,IT-CSC-CINETECA,National film archive with public video catalog,https://www.fondazionecsc.it/cineteca-nazionale/,True,True,https://www.fondazionecsc.it/video-cineteca/,YouTube,https://www.youtube.com/watch?v=h-QR5EyVnKA,"Piero Tosi, al CSC, racconta la sua complicata collaborazione con Federico Fellini",Catalogo video della Cineteca Nazionale; cinema; patrimônio fílmico,"Ficha pública do Catalogo video da Cineteca Nazionale/CSC. | Proponiamo dai nostri archivi un filmato in cui il sommo costumista Piero Tosi, che ha insegnato per decenni al CSC, ricorda la sua difficile collaborazione con Fellini | player público: https://www.youtube.com/watch?v=h-QR5EyVnKA",2020-03-15
Fondazione Centro Sperimentale di Cinematografia - Cineteca Nazionale,fondazione-centro-sperimentale-di-cinematografia-cineteca-nazionale,Italy,Europe,IT-CSC-CINETECA,National film archive with public video catalog,https://www.fondazionecsc.it/cineteca-nazionale/,True,True,https://www.fondazionecsc.it/video-cineteca/,YouTube,https://www.youtube.com/watch?v=xC0_m69qz4Y,Monica Vitti incontra gli allievi del CSC (1988),Catalogo video della Cineteca Nazionale; cinema; patrimônio fílmico,Ficha pública do Catalogo video da Cineteca Nazionale/CSC. | Monica Vitti incontra gli allievi del CSC (1988) SHARE | player público: https://www.youtube.com/watch?v=xC0_m69qz4Y,2020-03-13
Fondazione Centro Sperimentale di Cinematografia - Cineteca Nazionale,fondazione-centro-sperimentale-di-cinematografia-cineteca-nazionale,Italy,Europe,IT-CSC-CINETECA,National film archive with public video catalog,https://www.fondazionecsc.it/cineteca-nazionale/,True,True,https://www.fondazionecsc.it/video-cineteca/,YouTube,https://www.youtube.com/watch?v=jvCVno2_n_4&t=1s,"Mastroianni incontra gli allievi del CSC, 1988, versione integrale",Catalogo video della Cineteca Nazionale; cinema; patrimônio fílmico,"Ficha pública do Catalogo video da Cineteca Nazionale/CSC. | Mastroianni incontra gli allievi del CSC, 1988, versione integrale SHARE | player público: https://www.youtube.com/watch?v=jvCVno2_n_4&t=1s",2019-12-19
Fondazione Centro Sperimentale di Cinematografia - Cineteca Nazionale,fondazione-centro-sperimentale-di-cinematografia-cineteca-nazionale,Italy,Europe,IT-CSC-CINETECA,National film archive with public video catalog,https://www.fondazionecsc.it/cineteca-nazionale/,True,True,https://www.fondazionecsc.it/video-cineteca/,YouTube,https://www.youtube.com/watch?v=jy59PCaKFB8,Cinematinee' parla dei restauri CSC presentati alla Festa del Cinema di Roma,Catalogo video della Cineteca Nazionale; cinema; patrimônio fílmico,Ficha pública do Catalogo video da Cineteca Nazionale/CSC. | Cinematinee’ parla dei restauri CSC presentati alla Festa del Cinema di Roma SHARE | player público: https://www.youtube.com/watch?v=jy59PCaKFB8,2019-11-28
Fondazione Centro Sperimentale di Cinematografia - Cineteca Nazionale,fondazione-centro-sperimentale-di-cinematografia-cineteca-nazionale,Italy,Europe,IT-CSC-CINETECA,National film archive with public video catalog,https://www.fondazionecsc.it/cineteca-nazionale/,True,True,https://www.fondazionecsc.it/video-cineteca/,YouTube,https://www.youtube.com/watch?v=-WrBrYSyhb8,"L'inaugurazione della mostra ""70 anni della Cineteca Nazionale""",Catalogo video della Cineteca Nazionale; cinema; patrimônio fílmico,Ficha pública do Catalogo video da Cineteca Nazionale/CSC. | L’inaugurazione della mostra “70 anni della Cineteca Nazionale” SHARE | player público: https://www.youtube.com/watch?v=-WrBrYSyhb8,2019-11-28
Fondazione Centro Sperimentale di Cinematografia - Cineteca Nazionale,fondazione-centro-sperimentale-di-cinematografia-cineteca-nazionale,Italy,Europe,IT-CSC-CINETECA,National film archive with public video catalog,https://www.fondazionecsc.it/cineteca-nazionale/,True,True,https://www.fondazionecsc.it/video-cineteca/,YouTube,https://www.youtube.com/watch?v=VhgMBPrfwAk,"La mostra ""70 anni della Cineteca Nazionale del Centro Sperimentale di Cinematografia""",Catalogo video della Cineteca Nazionale; cinema; patrimônio fílmico,Ficha pública do Catalogo video da Cineteca Nazionale/CSC. | La mostra “70 anni della Cineteca Nazionale del Centro Sperimentale di Cinematografia” SHARE | player público: https://www.youtube.com/watch?v=VhgMBPrfwAk,2019-11-28
